 Abacavir,https://www.medindia.net/doctors/drug_information/abacavir.htm
 Abciximab,https://www.medindia.net/doctors/drug_information/abciximab.htm
 Acamprosate,https://www.medindia.net/doctors/drug_information/acamprosate.htm
 Acarbose ,https://www.medindia.net/doctors/drug_information/acarbose.htm
 Acebrophylline ,https://www.medindia.net/doctors/drug_information/acebrophylline.htm
 Aceclofenac,https://www.medindia.net/doctors/drug_information/aceclofenac.htm
 Acenocoumarol,https://www.medindia.net/doctors/drug_information/acenocoumarol.htm
 Acetaminophen and Codeine,https://www.medindia.net/doctors/drug_information/acetaminophen_codeine.htm
 Acetaminophen or Paracetamol,https://www.medindia.net/doctors/drug_information/acetaminophen_paracetamol.htm
 Acetaminophen or Paracetamol,https://www.medindia.net/doctors/drug_information/acetaminophen_paracetamol.htm
 Acetazolamide,https://www.medindia.net/doctors/drug_information/acetazolamide.htm
 Acetylcysteine,https://www.medindia.net/doctors/drug_information/acetylcysteine.htm
 Acitretin,https://www.medindia.net/doctors/drug_information/acitretin.htm
 Aclarubicin,https://www.medindia.net/doctors/drug_information/aclarubicin.htm
 Acrivastine,https://www.medindia.net/doctors/drug_information/acrivastine.htm
 Acyclovir,https://www.medindia.net/doctors/drug_information/acyclovir.htm
 Adapalene,https://www.medindia.net/doctors/drug_information/adapalene.htm
 Adefovir Dipivoxil,https://www.medindia.net/doctors/drug_information/adefovir_dipivoxil.htm
 Ademetionine,https://www.medindia.net/doctors/drug_information/ademetionine.htm
 Adenosine,https://www.medindia.net/doctors/drug_information/adenosine.htm
 Adenosylcobalamin,https://www.medindia.net/doctors/drug_information/adenosylcobalamin.htm
 Adrenochrome monosemicarbazone / Carbazochrome,https://www.medindia.net/doctors/drug_information/adrenochrome_monosemicarbazone_carbazochrome.htm
 Albendazole,https://www.medindia.net/doctors/drug_information/albendazole.htm
 Albumin Human,https://www.medindia.net/doctors/drug_information/albumin_human.htm
 Albuterol (Salbutamol),https://www.medindia.net/doctors/drug_information/albuterol_salbutamol.htm
 Alendronate,https://www.medindia.net/doctors/drug_information/alendronate.htm
 Alfacalcidol,https://www.medindia.net/doctors/drug_information/alfacalcidol.htm
 Alfuzosin,https://www.medindia.net/doctors/drug_information/alfuzosin.htm
 Aliskiren,https://www.medindia.net/doctors/drug_information/aliskiren.htm
 Allantoin,https://www.medindia.net/doctors/drug_information/allantoin.htm
 Allopurinol,https://www.medindia.net/doctors/drug_information/allopurinol.htm
 Allylestrenol,https://www.medindia.net/doctors/drug_information/allylestrenol.htm
 Alprazolam,https://www.medindia.net/doctors/drug_information/alprazolam.htm
 Alprostadil,https://www.medindia.net/doctors/drug_information/alprostadil.htm
 Aluminum Hydroxide and Magnesium Hydroxide,https://www.medindia.net/doctors/drug_information/aluminum_hydroxide_magnesium_hydroxide.htm
 Amantadine,https://www.medindia.net/doctors/drug_information/amantadine.htm
 Ambrisentan,https://www.medindia.net/doctors/drug_information/ambrisentan.htm
 Ambroxol,https://www.medindia.net/doctors/drug_information/ambroxol.htm
 Amifostine,https://www.medindia.net/doctors/drug_information/amifostine.htm
 Amikacin,https://www.medindia.net/doctors/drug_information/amikacin.htm
 Amiloride ,https://www.medindia.net/doctors/drug_information/amiloride.htm
 Aminocaproic Acid,https://www.medindia.net/doctors/drug_information/aminocaproic_acid.htm
 Aminophylline ,https://www.medindia.net/doctors/drug_information/aminophylline.htm
 Amiodarone,https://www.medindia.net/doctors/drug_information/amiodarone.htm
 Amisulpride,https://www.medindia.net/doctors/drug_information/amisulpride.htm
 Amitriptyline,https://www.medindia.net/doctors/drug_information/amitriptyline.htm
 Amlexanox,https://www.medindia.net/doctors/drug_information/amlexanox.htm
 Amlodipine,https://www.medindia.net/doctors/drug_information/amlodipine.htm
 Ammonium Lactate,https://www.medindia.net/doctors/drug_information/ammonium_lactate.htm
 Amodiaquine,https://www.medindia.net/doctors/drug_information/amodiaquine.htm
 Amorolfine,https://www.medindia.net/doctors/drug_information/amorolfine.htm
 Amoxapine,https://www.medindia.net/doctors/drug_information/amoxapine.htm
 Amoxicillin,https://www.medindia.net/doctors/drug_information/amoxicillin.htm
 Amphotericin B,https://www.medindia.net/doctors/drug_information/amphotericin_b.htm
 Ampicillin,https://www.medindia.net/doctors/drug_information/ampicillin.htm
 Ampicillin and Sulbactam,https://www.medindia.net/doctors/drug_information/ampicillin_sulbactam.htm
 Anastrozole,https://www.medindia.net/doctors/drug_information/anastrozole.htm
 Apomorphine,https://www.medindia.net/doctors/drug_information/apomorphine.htm
 Apraclonidine,https://www.medindia.net/doctors/drug_information/apraclonidine.htm
 Aprotinin,https://www.medindia.net/doctors/drug_information/aprotinin.htm
 Ardeparin,https://www.medindia.net/doctors/drug_information/ardeparin.htm
 Arformoterol Tartrate Inhalation ,https://www.medindia.net/doctors/drug_information/arformoterol_tartrate_inhalation.htm
 Arginine,https://www.medindia.net/doctors/drug_information/arginine.htm
 Aripiprazole,https://www.medindia.net/doctors/drug_information/aripiprazole.htm
 Armodafinil,https://www.medindia.net/doctors/drug_information/armodafinil.htm
 Arteether,https://www.medindia.net/doctors/drug_information/arteether.htm
 Artemether,https://www.medindia.net/doctors/drug_information/artemether.htm
 Artesunate,https://www.medindia.net/doctors/drug_information/artesunate.htm
 Ascorbic Acid (Vitamin C),https://www.medindia.net/doctors/drug_information/ascorbic_acid_vitamin_c.htm
 Asenapine,https://www.medindia.net/doctors/drug_information/asenapine.htm
 Aspirin,https://www.medindia.net/doctors/drug_information/aspirin.htm
 Astaxanthin,https://www.medindia.net/doctors/drug_information/astaxanthin.htm
 Astemizole,https://www.medindia.net/doctors/drug_information/astemizole.htm
 Atazanavir,https://www.medindia.net/doctors/drug_information/atazanavir.htm
 Atenolol,https://www.medindia.net/doctors/drug_information/atenolol.htm
 Atomoxetine,https://www.medindia.net/doctors/drug_information/atomoxetine.htm
 Atorvastatin,https://www.medindia.net/doctors/drug_information/atorvastatin.htm
 Atracurium,https://www.medindia.net/doctors/drug_information/atracurium.htm
 Atropine and Diphenoxylate,https://www.medindia.net/doctors/drug_information/atropine_diphenoxylate.htm
 Auranofin,https://www.medindia.net/doctors/drug_information/auranofin.htm
 Azatadine Maleate,https://www.medindia.net/doctors/drug_information/azatadine_maleate.htm
 Azathioprine,https://www.medindia.net/doctors/drug_information/azathioprine.htm
 Azelastine,https://www.medindia.net/doctors/drug_information/azelastine.htm
 Azilsartan Medoxomil,https://www.medindia.net/doctors/drug_information/azilsartan_medoxomil.htm
 Azithromycin ,https://www.medindia.net/doctors/drug_information/azithromycin.htm
 Aztreonam,https://www.medindia.net/doctors/drug_information/aztreonam.htm
 Bacampicillin,https://www.medindia.net/doctors/drug_information/bacampicillin.htm
 Baclofen,https://www.medindia.net/doctors/drug_information/baclofen.htm
 Balofloxacin,https://www.medindia.net/doctors/drug_information/balofloxacin.htm
 Balsalazide,https://www.medindia.net/doctors/drug_information/balsalazide.htm
 Bambuterol,https://www.medindia.net/doctors/drug_information/bambuterol.htm
 Bamipine,https://www.medindia.net/doctors/drug_information/bamipine.htm
 Beclomethasone,https://www.medindia.net/doctors/drug_information/beclomethasone.htm
 Beclomethasone Dipropionate,https://www.medindia.net/doctors/drug_information/beclomethasone_dipropionate.htm
 Belladona/Ergotamine/Phenobarbital,https://www.medindia.net/doctors/drug_information/belladona_ergotamine_phenobarbital.htm
 Benazepril,https://www.medindia.net/doctors/drug_information/benazepril.htm
 Bendamustine hydrochloride ,https://www.medindia.net/doctors/drug_information/bendamustine_hydrochloride.htm
 Benfotiamine,https://www.medindia.net/doctors/drug_information/benfotiamine.htm
 Benidipine,https://www.medindia.net/doctors/drug_information/benidipine.htm
 Benserazide,https://www.medindia.net/doctors/drug_information/benserazide.htm
 Benzalkonium Chloride,https://www.medindia.net/doctors/drug_information/benzalkonium_chloride.htm
 Benzocaine,https://www.medindia.net/doctors/drug_information/benzocaine.htm
 Benzonatate,https://www.medindia.net/doctors/drug_information/benzonatate.htm
 Benzoyl Peroxide,https://www.medindia.net/doctors/drug_information/benzoyl_peroxide.htm
 Benzydamine,https://www.medindia.net/doctors/drug_information/benzydamine.htm
 Benzyl Benzoate,https://www.medindia.net/doctors/drug_information/benzyl_benzoate.htm
 Betahistine,https://www.medindia.net/doctors/drug_information/betahistine.htm
 Betaxolol Ophthalmic,https://www.medindia.net/doctors/drug_information/betaxolol_ophthalmic.htm
 Bethanechol,https://www.medindia.net/doctors/drug_information/bethanechol.htm
 Bezafibrate,https://www.medindia.net/doctors/drug_information/bezafibrate.htm
 Bicalutamide,https://www.medindia.net/doctors/drug_information/bicalutamide.htm
 Bimatoprost,https://www.medindia.net/doctors/drug_information/bimatoprost.htm
 Biotin,https://www.medindia.net/doctors/drug_information/biotin.htm
 Bisacodyl,https://www.medindia.net/doctors/drug_information/bisacodyl.htm
 Bisoprolol,https://www.medindia.net/doctors/drug_information/bisoprolol.htm
 Bivalirudin,https://www.medindia.net/doctors/drug_information/bivalirudin.htm
 Bleomycin,https://www.medindia.net/doctors/drug_information/bleomycin.htm
 Bortezomib,https://www.medindia.net/doctors/drug_information/bortezomib.htm
 Bosentan,https://www.medindia.net/doctors/drug_information/bosentan.htm
 Brimonidine,https://www.medindia.net/doctors/drug_information/brimonidine.htm
 Bromhexine,https://www.medindia.net/doctors/drug_information/bromhexine.htm
 Bromocriptine,https://www.medindia.net/doctors/drug_information/bromocriptine.htm
 Buclizine,https://www.medindia.net/doctors/drug_information/buclizine.htm
 Budesonide,https://www.medindia.net/doctors/drug_information/budesonide.htm
 Budesonide And Formoterol,https://www.medindia.net/doctors/drug_information/budesonide_formoterol.htm
 Bulaquine,https://www.medindia.net/doctors/drug_information/bulaquine.htm
 Bupivacaine,https://www.medindia.net/doctors/drug_information/bupivacaine.htm
 Buprenorphine,https://www.medindia.net/doctors/drug_information/buprenorphine.htm
 Bupropion,https://www.medindia.net/doctors/drug_information/bupropion.htm
 Buserelin,https://www.medindia.net/doctors/drug_information/buserelin.htm
 Buspirone,https://www.medindia.net/doctors/drug_information/buspirone.htm
 Butenafine,https://www.medindia.net/doctors/drug_information/butenafine.htm
 Butorphanol,https://www.medindia.net/doctors/drug_information/butorphanol.htm
 Cabergoline,https://www.medindia.net/doctors/drug_information/cabergoline.htm
 Caffeine,https://www.medindia.net/doctors/drug_information/caffeine.htm
 Calcitonin- Salmon,https://www.medindia.net/doctors/drug_information/calcitonin_salmon.htm
 Calcitriol,https://www.medindia.net/doctors/drug_information/calcitriol.htm
 Calcium,https://www.medindia.net/doctors/drug_information/calcium.htm
 Calcium Carbonate,https://www.medindia.net/doctors/drug_information/calcium_carbonate.htm
 Calcium Dobesilate,https://www.medindia.net/doctors/drug_information/calcium_dobesilate.htm
 Calcium Phosphate,https://www.medindia.net/doctors/drug_information/calcium_phosphate.htm
 Camylofin,https://www.medindia.net/doctors/drug_information/camylofin.htm
 Candesartan,https://www.medindia.net/doctors/drug_information/candesartan.htm
 Capecitabine,https://www.medindia.net/doctors/drug_information/capecitabine.htm
 Capreomycin,https://www.medindia.net/doctors/drug_information/capreomycin.htm
 Capsaicin,https://www.medindia.net/doctors/drug_information/capsaicin.htm
 Captopril,https://www.medindia.net/doctors/drug_information/captopril.htm
 Carbamazepine,https://www.medindia.net/doctors/drug_information/carbamazepine.htm
 Carbazochrome,https://www.medindia.net/doctors/drug_information/carbazochrome.htm
 Carbenicillin,https://www.medindia.net/doctors/drug_information/carbenicillin.htm
 Carbidopa-Levodopa ,https://www.medindia.net/doctors/drug_information/carbidopalevodopa.htm
 Carbimazole,https://www.medindia.net/doctors/drug_information/carbimazole.htm
 Carbinoxamine ,https://www.medindia.net/doctors/drug_information/carbinoxamine.htm
 Carbocisteine ,https://www.medindia.net/doctors/drug_information/carbocisteine.htm
 Carbonyl Iron,https://www.medindia.net/doctors/drug_information/carbonyl_iron.htm
 Carboplatin,https://www.medindia.net/doctors/drug_information/carboplatin.htm
 Carboprost,https://www.medindia.net/doctors/drug_information/carboprost.htm
 Carisoprodol,https://www.medindia.net/doctors/drug_information/carisoprodol.htm
 Carvedilol,https://www.medindia.net/doctors/drug_information/carvedilol.htm
 Caspofungin,https://www.medindia.net/doctors/drug_information/caspofungin.htm
 Cefaclor,https://www.medindia.net/doctors/drug_information/cefaclor.htm
 Cefadroxil,https://www.medindia.net/doctors/drug_information/cefadroxil.htm
 Cefazolin,https://www.medindia.net/doctors/drug_information/cefazolin.htm
 Cefdinir,https://www.medindia.net/doctors/drug_information/cefdinir.htm
 Cefditoren,https://www.medindia.net/doctors/drug_information/cefditoren.htm
 Cefepime,https://www.medindia.net/doctors/drug_information/cefepime.htm
 Cefetamet,https://www.medindia.net/doctors/drug_information/cefetamet.htm
 Cefixime,https://www.medindia.net/doctors/drug_information/cefixime.htm
 Cefoperazone Sodium Injection,https://www.medindia.net/doctors/drug_information/cefoperazone_sodium_injection.htm
 Cefotaxime,https://www.medindia.net/doctors/drug_information/cefotaxime.htm
 Cefotaxime,https://www.medindia.net/doctors/drug_information/cefotaxime.htm
 Cefpirome,https://www.medindia.net/doctors/drug_information/cefpirome.htm
 Cefpodoxmine Proxetil ,https://www.medindia.net/doctors/drug_information/cefpodoxmine_proxetil.htm
 Cefprozil,https://www.medindia.net/doctors/drug_information/cefprozil.htm
 Ceftazidime ,https://www.medindia.net/doctors/drug_information/ceftazidime.htm
 Ceftibuten,https://www.medindia.net/doctors/drug_information/ceftibuten.htm
 Ceftizoxime,https://www.medindia.net/doctors/drug_information/ceftizoxime.htm
 Ceftriaxone,https://www.medindia.net/doctors/drug_information/ceftriaxone.htm
 Cefuroxime Axetil ,https://www.medindia.net/doctors/drug_information/cefuroxime_axetil.htm
 Celecoxib,https://www.medindia.net/doctors/drug_information/celecoxib.htm
 Celiprolol,https://www.medindia.net/doctors/drug_information/celiprolol.htm
 Cephalexin,https://www.medindia.net/doctors/drug_information/cephalexin.htm
 Cephaloridine,https://www.medindia.net/doctors/drug_information/cephaloridine.htm
 cerliponase alfa,https://www.medindia.net/doctors/drug_information/cerliponase_alfa.htm
 Cetirizine,https://www.medindia.net/doctors/drug_information/cetirizine.htm
 Cetrimide,https://www.medindia.net/doctors/drug_information/cetrimide.htm
 Cetrorelix,https://www.medindia.net/doctors/drug_information/cetrorelix.htm
 Chlorambucil,https://www.medindia.net/doctors/drug_information/chlorambucil.htm
 Chloramphenicol,https://www.medindia.net/doctors/drug_information/chloramphenicol.htm
 Chloramphenicol,https://www.medindia.net/doctors/drug_information/chloramphenicol.htm
 Chlordiazepoxide,https://www.medindia.net/doctors/drug_information/chlordiazepoxide.htm
 Chlordiazepoxide and Clidinium Bromide,https://www.medindia.net/doctors/drug_information/chlordiazepoxide_clidinium_bromide.htm
 Chlorhexidine,https://www.medindia.net/doctors/drug_information/chlorhexidine.htm
 Chloroquine,https://www.medindia.net/doctors/drug_information/chloroquine.htm
 Chloroxylenol,https://www.medindia.net/doctors/drug_information/chloroxylenol.htm
 Chlorpheniramine,https://www.medindia.net/doctors/drug_information/chlorpheniramine.htm
 Chlorpromazine,https://www.medindia.net/doctors/drug_information/chlorpromazine.htm
 Chlorpropamide,https://www.medindia.net/doctors/drug_information/chlorpropamide.htm
 Chlorthalidone,https://www.medindia.net/doctors/drug_information/chlorthalidone.htm
 Chlorzoxazone ,https://www.medindia.net/doctors/drug_information/chlorzoxazone.htm
 Cholecalciferol,https://www.medindia.net/doctors/drug_information/cholecalciferol.htm
 Cholera Vaccine,https://www.medindia.net/doctors/drug_information/cholera_vaccine.htm
 Choline,https://www.medindia.net/doctors/drug_information/choline.htm
 Chondroitin,https://www.medindia.net/doctors/drug_information/chondroitin.htm
 Chorionic Gonadotropin,https://www.medindia.net/doctors/drug_information/chorionic_gonadotropin.htm
 Chromium Picolinate,https://www.medindia.net/doctors/drug_information/chromium_picolinate.htm
 Chymotrypsin Alfa,https://www.medindia.net/doctors/drug_information/chymotrypsin_alfa.htm
 Ciclesonide,https://www.medindia.net/doctors/drug_information/ciclesonide.htm
 Ciclopirox,https://www.medindia.net/doctors/drug_information/ciclopirox.htm
 Ciclosporin,https://www.medindia.net/doctors/drug_information/ciclosporin.htm
 Cilnidipine,https://www.medindia.net/doctors/drug_information/cilnidipine.htm
 Cilostazol,https://www.medindia.net/doctors/drug_information/cilostazol.htm
 Cimetidine,https://www.medindia.net/doctors/drug_information/cimetidine.htm
 Cinitapride,https://www.medindia.net/doctors/drug_information/cinitapride.htm
 Cinnarizine,https://www.medindia.net/doctors/drug_information/cinnarizine.htm
 Ciprofloxacin,https://www.medindia.net/doctors/drug_information/ciprofloxacin.htm
 Ciprofloxacin and Tinidazole,https://www.medindia.net/doctors/drug_information/ciprofloxacin_tinidazole.htm
 Cisplatin,https://www.medindia.net/doctors/drug_information/cisplatin.htm
 Citalopram,https://www.medindia.net/doctors/drug_information/citalopram.htm
 Citicoline,https://www.medindia.net/doctors/drug_information/citicoline.htm
 Clarithromycin,https://www.medindia.net/doctors/drug_information/clarithromycin.htm
 Clemastine,https://www.medindia.net/doctors/drug_information/clemastine.htm
 Clindamycin,https://www.medindia.net/doctors/drug_information/clindamycin.htm
 Clioquinol,https://www.medindia.net/doctors/drug_information/clioquinol.htm
 Clobazam,https://www.medindia.net/doctors/drug_information/clobazam.htm
 Clobetasol Propinate,https://www.medindia.net/doctors/drug_information/clobetasol_propinate.htm
 Clofazimine,https://www.medindia.net/doctors/drug_information/clofazimine.htm
 Clomiphene,https://www.medindia.net/doctors/drug_information/clomiphene.htm
 Clomipramine,https://www.medindia.net/doctors/drug_information/clomipramine.htm
 Clonazepam,https://www.medindia.net/doctors/drug_information/clonazepam.htm
 Clonidine,https://www.medindia.net/doctors/drug_information/clonidine.htm
 Clopamide,https://www.medindia.net/doctors/drug_information/clopamide.htm
 Clopidogrel,https://www.medindia.net/doctors/drug_information/clopidogrel.htm
 Clotrimazole,https://www.medindia.net/doctors/drug_information/clotrimazole.htm
 Clove Oil,https://www.medindia.net/doctors/drug_information/clove_oil.htm
 Cloxacillin,https://www.medindia.net/doctors/drug_information/cloxacillin.htm
 Clozapine,https://www.medindia.net/doctors/drug_information/clozapine.htm
 Codeine,https://www.medindia.net/doctors/drug_information/codeine.htm
 Codergocrine,https://www.medindia.net/doctors/drug_information/codergocrine.htm
 Colchicine,https://www.medindia.net/doctors/drug_information/colchicine.htm
 Colistimethate Injection,https://www.medindia.net/doctors/drug_information/colistimethate_injection.htm
 Corticotropin,https://www.medindia.net/doctors/drug_information/corticotropin.htm
 Co-trimoxazole,https://www.medindia.net/doctors/drug_information/cotrimoxazole.htm
 Crotamiton,https://www.medindia.net/doctors/drug_information/crotamiton.htm
 Cyanocobalamin (Vitamin B12),https://www.medindia.net/doctors/drug_information/cyanocobalamin_vitamin_b12.htm
 Cyclobenzaprine,https://www.medindia.net/doctors/drug_information/cyclobenzaprine.htm
 Cyclopentolate,https://www.medindia.net/doctors/drug_information/cyclopentolate.htm
 Cyclophosphamide,https://www.medindia.net/doctors/drug_information/cyclophosphamide.htm
 Cycloserine,https://www.medindia.net/doctors/drug_information/cycloserine.htm
 Cyclosporine,https://www.medindia.net/doctors/drug_information/cyclosporine.htm
 Cyproheptadine,https://www.medindia.net/doctors/drug_information/cyproheptadine.htm
 Cytarabine,https://www.medindia.net/doctors/drug_information/cytarabine.htm
 Cytomegalovirus Immune Globulin,https://www.medindia.net/doctors/drug_information/cytomegalovirus_immune_globulin.htm
 Dacarbazine,https://www.medindia.net/doctors/drug_information/dacarbazine.htm
 Dactinomycin,https://www.medindia.net/doctors/drug_information/dactinomycin.htm
 Dalteparin,https://www.medindia.net/doctors/drug_information/dalteparin.htm
 Danazol,https://www.medindia.net/doctors/drug_information/danazol.htm
 Dapsone,https://www.medindia.net/doctors/drug_information/dapsone.htm
 Darbepoetin Alfa,https://www.medindia.net/doctors/drug_information/darbepoetin_alfa.htm
 Darifenacin,https://www.medindia.net/doctors/drug_information/darifenacin.htm
 Darunavir,https://www.medindia.net/doctors/drug_information/darunavir.htm
 Dasatinib,https://www.medindia.net/doctors/drug_information/dasatinib.htm
 Daunorubicin,https://www.medindia.net/doctors/drug_information/daunorubicin.htm
 Deferasirox,https://www.medindia.net/doctors/drug_information/deferasirox.htm
 Deferiprone,https://www.medindia.net/doctors/drug_information/deferiprone.htm
 Deflazacort ,https://www.medindia.net/doctors/drug_information/deflazacort.htm
 Dehydroemetine,https://www.medindia.net/doctors/drug_information/dehydroemetine.htm
 Dehydroepiandrosterone,https://www.medindia.net/doctors/drug_information/dehydroepiandrosterone.htm
 Demeclocycline,https://www.medindia.net/doctors/drug_information/demeclocycline.htm
 Dequalinium,https://www.medindia.net/doctors/drug_information/dequalinium.htm
 Desloratadine,https://www.medindia.net/doctors/drug_information/desloratadine.htm
 Desmopressin,https://www.medindia.net/doctors/drug_information/desmopressin.htm
 Desogestrel and Ethinyl Estradiol,https://www.medindia.net/doctors/drug_information/desogestrel_ethinyl_estradiol.htm
 Desonide,https://www.medindia.net/doctors/drug_information/desonide.htm
 Desvenlafaxine,https://www.medindia.net/doctors/drug_information/desvenlafaxine.htm
 Dexamethasone Oral,https://www.medindia.net/doctors/drug_information/dexamethasone_oral.htm
 Dexibuprofen ,https://www.medindia.net/doctors/drug_information/dexibuprofen.htm
 Dexmedetomidine,https://www.medindia.net/doctors/drug_information/dexmedetomidine.htm
 Dexpanthenol,https://www.medindia.net/doctors/drug_information/dexpanthenol.htm
 Dexrabeprazole Sodium,https://www.medindia.net/doctors/drug_information/dexrabeprazole_sodium.htm
 Dextran,https://www.medindia.net/doctors/drug_information/dextran.htm
 Diacerein,https://www.medindia.net/doctors/drug_information/diacerein.htm
 Diazepam,https://www.medindia.net/doctors/drug_information/diazepam.htm
 Dibucaine,https://www.medindia.net/doctors/drug_information/dibucaine.htm
 Diclofenac,https://www.medindia.net/doctors/drug_information/diclofenac.htm
 Dicloxacillin,https://www.medindia.net/doctors/drug_information/dicloxacillin.htm
 Dicyclomine,https://www.medindia.net/doctors/drug_information/dicyclomine.htm
 Didanosine,https://www.medindia.net/doctors/drug_information/didanosine.htm
 Dienestrol,https://www.medindia.net/doctors/drug_information/dienestrol.htm
 Diethylamine Salicylate ,https://www.medindia.net/doctors/drug_information/diethylamine_salicylate.htm
 Diethylcarbamazine,https://www.medindia.net/doctors/drug_information/diethylcarbamazine.htm
 Diflorasone Diacetate,https://www.medindia.net/doctors/drug_information/diflorasone_diacetate.htm
 Digoxin,https://www.medindia.net/doctors/drug_information/digoxin.htm
 Dilazep,https://www.medindia.net/doctors/drug_information/dilazep.htm
 Diloxanide,https://www.medindia.net/doctors/drug_information/diloxanide.htm
 Diltiazem,https://www.medindia.net/doctors/drug_information/diltiazem.htm
 Dimenhydrinate,https://www.medindia.net/doctors/drug_information/dimenhydrinate.htm
 Dimercaprol,https://www.medindia.net/doctors/drug_information/dimercaprol.htm
 Dimethicone,https://www.medindia.net/doctors/drug_information/dimethicone.htm
 Dimethylglycine,https://www.medindia.net/doctors/drug_information/dimethylglycine.htm
 Dinoprostone,https://www.medindia.net/doctors/drug_information/dinoprostone.htm
 Diosmin,https://www.medindia.net/doctors/drug_information/diosmin.htm
 Diphenhydramine,https://www.medindia.net/doctors/drug_information/diphenhydramine.htm
 Diphenhydramine,https://www.medindia.net/doctors/drug_information/diphenhydramine.htm
 Diphenoxylate,https://www.medindia.net/doctors/drug_information/diphenoxylate.htm
 Dipivefrin Ophthalmic,https://www.medindia.net/doctors/drug_information/dipivefrin_ophthalmic.htm
 Dipotassium Hydrogen Citrate,https://www.medindia.net/doctors/drug_information/dipotassium_hydrogen_citrate.htm
 Dipyridamole,https://www.medindia.net/doctors/drug_information/dipyridamole.htm
 Disodium Edetate,https://www.medindia.net/doctors/drug_information/disodium_edetate.htm
 Disodium Hydrogen Citrate,https://www.medindia.net/doctors/drug_information/disodium_hydrogen_citrate.htm
 Disopyramide,https://www.medindia.net/doctors/drug_information/disopyramide.htm
 Disulfiram,https://www.medindia.net/doctors/drug_information/disulfiram.htm
 Divalproex,https://www.medindia.net/doctors/drug_information/divalproex.htm
 Dobutamine,https://www.medindia.net/doctors/drug_information/dobutamine.htm
 Docetaxel,https://www.medindia.net/doctors/drug_information/docetaxel.htm
 Docosahexaenoic acid,https://www.medindia.net/doctors/drug_information/docosahexaenoic_acid.htm
 Docusate,https://www.medindia.net/doctors/drug_information/docusate.htm
 Domperidone,https://www.medindia.net/doctors/drug_information/domperidone.htm
 Donepezil,https://www.medindia.net/doctors/drug_information/donepezil.htm
 Dopamine,https://www.medindia.net/doctors/drug_information/dopamine.htm
 Dorzolamide/Timolol,https://www.medindia.net/doctors/drug_information/dorzolamide_timolol.htm
 Dothiepin,https://www.medindia.net/doctors/drug_information/dothiepin.htm
 Doxapram,https://www.medindia.net/doctors/drug_information/doxapram.htm
 Doxazosin,https://www.medindia.net/doctors/drug_information/doxazosin.htm
 Doxepin,https://www.medindia.net/doctors/drug_information/doxepin.htm
 Doxercalciferol,https://www.medindia.net/doctors/drug_information/doxercalciferol.htm
 Doxofylline,https://www.medindia.net/doctors/drug_information/doxofylline.htm
 Doxorubicin,https://www.medindia.net/doctors/drug_information/doxorubicin.htm
 Doxycycline,https://www.medindia.net/doctors/drug_information/doxycycline.htm
 Doxylamine,https://www.medindia.net/doctors/drug_information/doxylamine.htm
 Dronedarone,https://www.medindia.net/doctors/drug_information/dronedarone.htm
 Droperidol,https://www.medindia.net/doctors/drug_information/droperidol.htm
 Drospirenone and Estradiol,https://www.medindia.net/doctors/drug_information/drospirenone_estradiol.htm
 Drotaverine,https://www.medindia.net/doctors/drug_information/drotaverine.htm
 Drotrecogin Alfa,https://www.medindia.net/doctors/drug_information/drotrecogin_alfa.htm
 Duloxetine,https://www.medindia.net/doctors/drug_information/duloxetine.htm
 Dutasteride,https://www.medindia.net/doctors/drug_information/dutasteride.htm
 Dydrogesterone,https://www.medindia.net/doctors/drug_information/dydrogesterone.htm
 Ebastine,https://www.medindia.net/doctors/drug_information/ebastine.htm
 Econazole,https://www.medindia.net/doctors/drug_information/econazole.htm
 Edaravone,https://www.medindia.net/doctors/drug_information/edaravone.htm
 Efavirenz,https://www.medindia.net/doctors/drug_information/efavirenz.htm
 Eicosapentaenoic acid,https://www.medindia.net/doctors/drug_information/eicosapentaenoic_acid.htm
 Embramine,https://www.medindia.net/doctors/drug_information/embramine.htm
 Emtricitabine,https://www.medindia.net/doctors/drug_information/emtricitabine.htm
 Emtricitabine- Rilpivirine- Tenofovir,https://www.medindia.net/doctors/drug_information/emtricitabine_rilpivirine_tenofovir.htm
 Emtricitabine- Tenofovir,https://www.medindia.net/doctors/drug_information/emtricitabine_tenofovir.htm
 Enalapril,https://www.medindia.net/doctors/drug_information/enalapril.htm
 Enbucrilate,https://www.medindia.net/doctors/drug_information/enbucrilate.htm
 Enoxaparin,https://www.medindia.net/doctors/drug_information/enoxaparin.htm
 Entacapone,https://www.medindia.net/doctors/drug_information/entacapone.htm
 Entecavir,https://www.medindia.net/doctors/drug_information/entecavir.htm
 Epalrestat,https://www.medindia.net/doctors/drug_information/epalrestat.htm
 Eperisone,https://www.medindia.net/doctors/drug_information/eperisone.htm
 Ephedrine,https://www.medindia.net/doctors/drug_information/ephedrine.htm
 Epinephrine,https://www.medindia.net/doctors/drug_information/epinephrine.htm
 Epirubicin,https://www.medindia.net/doctors/drug_information/epirubicin.htm
 Eplerenone,https://www.medindia.net/doctors/drug_information/eplerenone.htm
 Epoetin Beta-Methoxy Polyethylene Glycol,https://www.medindia.net/doctors/drug_information/epoetin_betamethoxy_polyethylene_glycol.htm
 Eptifibatide,https://www.medindia.net/doctors/drug_information/eptifibatide.htm
 Erdosteine,https://www.medindia.net/doctors/drug_information/erdosteine.htm
 Ergocalciferol (Vitamin D2),https://www.medindia.net/doctors/drug_information/ergocalciferol_vitamin_d2.htm
 Ergoloid Mesylates,https://www.medindia.net/doctors/drug_information/ergoloid_mesylates.htm
 Ergometrine,https://www.medindia.net/doctors/drug_information/ergometrine.htm
 Ergotamine Sublingual ,https://www.medindia.net/doctors/drug_information/ergotamine_sublingual.htm
 Ergotamine Tartrate and Caffeine,https://www.medindia.net/doctors/drug_information/ergotamine_tartrate_caffeine.htm
 Erlotinib,https://www.medindia.net/doctors/drug_information/erlotinib.htm
 Ertapenem,https://www.medindia.net/doctors/drug_information/ertapenem.htm
 Erythrityl Tetranitrate,https://www.medindia.net/doctors/drug_information/erythrityl_tetranitrate.htm
 Erythromycin,https://www.medindia.net/doctors/drug_information/erythromycin.htm
 Erythropoietin,https://www.medindia.net/doctors/drug_information/erythropoietin.htm
 Escitalopram ,https://www.medindia.net/doctors/drug_information/escitalopram.htm
 Esmolol,https://www.medindia.net/doctors/drug_information/esmolol.htm
 Esomeprazole,https://www.medindia.net/doctors/drug_information/esomeprazole.htm
 Estradiol,https://www.medindia.net/doctors/drug_information/estradiol.htm
 Estramustine,https://www.medindia.net/doctors/drug_information/estramustine.htm
 Estrogen,https://www.medindia.net/doctors/drug_information/estrogen.htm
 Eszopiclone,https://www.medindia.net/doctors/drug_information/eszopiclone.htm
 Etamsylate,https://www.medindia.net/doctors/drug_information/etamsylate.htm
 Etanercept,https://www.medindia.net/doctors/drug_information/etanercept.htm
 Ethambutol,https://www.medindia.net/doctors/drug_information/ethambutol.htm
 Ethionamide,https://www.medindia.net/doctors/drug_information/ethionamide.htm
 Ethosuximide,https://www.medindia.net/doctors/drug_information/ethosuximide.htm
 Etidronate,https://www.medindia.net/doctors/drug_information/etidronate.htm
 Etizolam,https://www.medindia.net/doctors/drug_information/etizolam.htm
 Etodolac,https://www.medindia.net/doctors/drug_information/etodolac.htm
 Etofylline ,https://www.medindia.net/doctors/drug_information/etofylline.htm
 Etoposide,https://www.medindia.net/doctors/drug_information/etoposide.htm
 Etoricoxib,https://www.medindia.net/doctors/drug_information/etoricoxib.htm
 Evening Primrose,https://www.medindia.net/doctors/drug_information/evening_primrose.htm
 Exemestane,https://www.medindia.net/doctors/drug_information/exemestane.htm
 Exenatide,https://www.medindia.net/doctors/drug_information/exenatide.htm
 Ezetimibe,https://www.medindia.net/doctors/drug_information/ezetimibe.htm
 Famciclovir,https://www.medindia.net/doctors/drug_information/famciclovir.htm
 Famotidine,https://www.medindia.net/doctors/drug_information/famotidine.htm
 Faropenem,https://www.medindia.net/doctors/drug_information/faropenem.htm
 Febuxostat,https://www.medindia.net/doctors/drug_information/febuxostat.htm
 Felodipine,https://www.medindia.net/doctors/drug_information/felodipine.htm
 Fenofibric Acid,https://www.medindia.net/doctors/drug_information/fenofibric_acid.htm
 Fenoverine,https://www.medindia.net/doctors/drug_information/fenoverine.htm
 Feracrylum,https://www.medindia.net/doctors/drug_information/feracrylum.htm
 Ferrous Ammonium Citrate,https://www.medindia.net/doctors/drug_information/ferrous_ammonium_citrate.htm
 Ferrous Fumarate,https://www.medindia.net/doctors/drug_information/ferrous_fumarate.htm
 Ferrous gluconate,https://www.medindia.net/doctors/drug_information/ferrous_gluconate.htm
 Fexofenadine,https://www.medindia.net/doctors/drug_information/fexofenadine.htm
 Filgrastim,https://www.medindia.net/doctors/drug_information/filgrastim.htm
 Finasteride,https://www.medindia.net/doctors/drug_information/finasteride.htm
 Flavoxate,https://www.medindia.net/doctors/drug_information/flavoxate.htm
 Flodrocortisone,https://www.medindia.net/doctors/drug_information/flodrocortisone.htm
 Fluconazole,https://www.medindia.net/doctors/drug_information/fluconazole.htm
 Fludarabine,https://www.medindia.net/doctors/drug_information/fludarabine.htm
 Flunarizine,https://www.medindia.net/doctors/drug_information/flunarizine.htm
 Flunisolide,https://www.medindia.net/doctors/drug_information/flunisolide.htm
 Fluocinolone,https://www.medindia.net/doctors/drug_information/fluocinolone.htm
 Fluocinonide,https://www.medindia.net/doctors/drug_information/fluocinonide.htm
 Fluorometholone,https://www.medindia.net/doctors/drug_information/fluorometholone.htm
 Fluorouracil,https://www.medindia.net/doctors/drug_information/fluorouracil.htm
 Fluoxetine  ,https://www.medindia.net/doctors/drug_information/fluoxetine.htm
 Flupenthixol,https://www.medindia.net/doctors/drug_information/flupenthixol.htm
 Fluphenazine,https://www.medindia.net/doctors/drug_information/fluphenazine.htm
 Flupirtine,https://www.medindia.net/doctors/drug_information/flupirtine.htm
 Flurazepam,https://www.medindia.net/doctors/drug_information/flurazepam.htm
 Flurbiprofen,https://www.medindia.net/doctors/drug_information/flurbiprofen.htm
 Flutamide,https://www.medindia.net/doctors/drug_information/flutamide.htm
 Fluticasone,https://www.medindia.net/doctors/drug_information/fluticasone.htm
 Fluvastatin,https://www.medindia.net/doctors/drug_information/fluvastatin.htm
 Fluvoxamine,https://www.medindia.net/doctors/drug_information/fluvoxamine.htm
 Folic Acid,https://www.medindia.net/doctors/drug_information/folic_acid.htm
 Fondaparinux,https://www.medindia.net/doctors/drug_information/fondaparinux.htm
 Formaldehyde,https://www.medindia.net/doctors/drug_information/formaldehyde.htm
 Formoterol,https://www.medindia.net/doctors/drug_information/formoterol.htm
 Fosfestrol,https://www.medindia.net/doctors/drug_information/fosfestrol.htm
 Fosinopril,https://www.medindia.net/doctors/drug_information/fosinopril.htm
 Fosphenytoin,https://www.medindia.net/doctors/drug_information/fosphenytoin.htm
 Framycetin,https://www.medindia.net/doctors/drug_information/framycetin.htm
 Furazolidone,https://www.medindia.net/doctors/drug_information/furazolidone.htm
 Furosemide,https://www.medindia.net/doctors/drug_information/furosemide.htm
 Fusidic Acid,https://www.medindia.net/doctors/drug_information/fusidic_acid.htm
 Gabapentin,https://www.medindia.net/doctors/drug_information/gabapentin.htm
 Galantamine,https://www.medindia.net/doctors/drug_information/galantamine.htm
 Ganciclovir,https://www.medindia.net/doctors/drug_information/ganciclovir.htm
 Gatifloxacin,https://www.medindia.net/doctors/drug_information/gatifloxacin.htm
 Gefitinib,https://www.medindia.net/doctors/drug_information/gefitinib.htm
 Gemcitabine,https://www.medindia.net/doctors/drug_information/gemcitabine.htm
 Gemfibrozil,https://www.medindia.net/doctors/drug_information/gemfibrozil.htm
 Gemifloxacin,https://www.medindia.net/doctors/drug_information/gemifloxacin.htm
 Gentamicin,https://www.medindia.net/doctors/drug_information/gentamicin.htm
 Gentamicin Ophthalmic,https://www.medindia.net/doctors/drug_information/gentamicin_ophthalmic.htm
 Ginkgo Biloba,https://www.medindia.net/doctors/drug_information/ginkgo_biloba.htm
 Glibenclamide ,https://www.medindia.net/doctors/drug_information/glibenclamide.htm
 Gliclazide,https://www.medindia.net/doctors/drug_information/gliclazide.htm
 Glimepiride,https://www.medindia.net/doctors/drug_information/glimepiride.htm
 Glipizide,https://www.medindia.net/doctors/drug_information/glipizide.htm
 Glucagon ,https://www.medindia.net/doctors/drug_information/glucagon.htm
 Glucomannan,https://www.medindia.net/doctors/drug_information/glucomannan.htm
 Glucosamine,https://www.medindia.net/doctors/drug_information/glucosamine.htm
 Glutathione,https://www.medindia.net/doctors/drug_information/glutathione.htm
 Glyceryl Trinitrate,https://www.medindia.net/doctors/drug_information/glyceryl_trinitrate.htm
 Glycopyrrolate,https://www.medindia.net/doctors/drug_information/glycopyrrolate.htm
 Goserelin,https://www.medindia.net/doctors/drug_information/goserelin.htm
 Gramicidin,https://www.medindia.net/doctors/drug_information/gramicidin.htm
 Granisetron,https://www.medindia.net/doctors/drug_information/granisetron.htm
 Griseofulvin,https://www.medindia.net/doctors/drug_information/griseofulvin.htm
 Guaifenesin,https://www.medindia.net/doctors/drug_information/guaifenesin.htm
 Halcinonide,https://www.medindia.net/doctors/drug_information/halcinonide.htm
 Halobetasol Propionate,https://www.medindia.net/doctors/drug_information/halobetasol_propionate.htm
 Haloperidol,https://www.medindia.net/doctors/drug_information/haloperidol.htm
 Halothane,https://www.medindia.net/doctors/drug_information/halothane.htm
 Hamycin,https://www.medindia.net/doctors/drug_information/hamycin.htm
 Heparin,https://www.medindia.net/doctors/drug_information/heparin.htm
 Hepatitis A Vaccine,https://www.medindia.net/doctors/drug_information/hepatitis_vaccine.htm
 Hepatitis B (recombinant) vaccine,https://www.medindia.net/doctors/drug_information/hepatitis_b_recombinant_vaccine.htm
 Homatropine,https://www.medindia.net/doctors/drug_information/homatropine.htm
 Homatropine Hydrobromide ,https://www.medindia.net/doctors/drug_information/homatropine_hydrobromide.htm
 Human Papillomavirus Quadrivalent ,https://www.medindia.net/doctors/drug_information/human_papillomavirus_quadrivalent.htm
 Hyaluronidase,https://www.medindia.net/doctors/drug_information/hyaluronidase.htm
 Hydralazine,https://www.medindia.net/doctors/drug_information/hydralazine.htm
 Hydrochlorothiazide,https://www.medindia.net/doctors/drug_information/hydrochlorothiazide.htm
 Hydrocortisone,https://www.medindia.net/doctors/drug_information/hydrocortisone.htm
 Hydroflumethiazide,https://www.medindia.net/doctors/drug_information/hydroflumethiazide.htm
 Hydroquinone,https://www.medindia.net/doctors/drug_information/hydroquinone.htm
 Hydrotalcite,https://www.medindia.net/doctors/drug_information/hydrotalcite.htm
 Hydroxy Progesterone,https://www.medindia.net/doctors/drug_information/hydroxy_progesterone.htm
 Hydroxyapatite,https://www.medindia.net/doctors/drug_information/hydroxyapatite.htm
 Hydroxychloroquine,https://www.medindia.net/doctors/drug_information/hydroxychloroquine.htm
 Hydroxyurea,https://www.medindia.net/doctors/drug_information/hydroxyurea.htm
 Hydroxyzine,https://www.medindia.net/doctors/drug_information/hydroxyzine.htm
 Hylan G-f 20,https://www.medindia.net/doctors/drug_information/hylan_gf_20.htm
 Hyoscine,https://www.medindia.net/doctors/drug_information/hyoscine.htm
 Hyoscyamine,https://www.medindia.net/doctors/drug_information/hyoscyamine.htm
 Hypromellose,https://www.medindia.net/doctors/drug_information/hypromellose.htm
 Ibandronate,https://www.medindia.net/doctors/drug_information/ibandronate.htm
 Ibuprofen,https://www.medindia.net/doctors/drug_information/ibuprofen.htm
 Idarubicin,https://www.medindia.net/doctors/drug_information/idarubicin.htm
 Idoxuridine Ophthalmic,https://www.medindia.net/doctors/drug_information/idoxuridine_ophthalmic.htm
 Ifosfamide,https://www.medindia.net/doctors/drug_information/ifosfamide.htm
 Imatinib,https://www.medindia.net/doctors/drug_information/imatinib.htm
 Imidapril,https://www.medindia.net/doctors/drug_information/imidapril.htm
 Imipenem and Cilastatin,https://www.medindia.net/doctors/drug_information/imipenem_cilastatin.htm
 Imipramine,https://www.medindia.net/doctors/drug_information/imipramine.htm
 Imiquimod,https://www.medindia.net/doctors/drug_information/imiquimod.htm
 Immune Globulin Intravenous  ,https://www.medindia.net/doctors/drug_information/immune_globulin_intravenous.htm
 Indapamide,https://www.medindia.net/doctors/drug_information/indapamide.htm
 Indinavir,https://www.medindia.net/doctors/drug_information/indinavir.htm
 Indomethacin,https://www.medindia.net/doctors/drug_information/indomethacin.htm
 Infliximab,https://www.medindia.net/doctors/drug_information/infliximab.htm
 Influenza Virus Vaccine,https://www.medindia.net/doctors/drug_information/influenza_virus_vaccine.htm
 Insulin,https://www.medindia.net/doctors/drug_information/insulin.htm
 Insulin Aspart,https://www.medindia.net/doctors/drug_information/insulin_aspart.htm
 Insulin Detemir,https://www.medindia.net/doctors/drug_information/insulin_detemir.htm
 Insulin Glargine,https://www.medindia.net/doctors/drug_information/insulin_glargine.htm
 Insulin Glargine,https://www.medindia.net/doctors/drug_information/insulin_glargine.htm
 Insulin Lispro,https://www.medindia.net/doctors/drug_information/insulin_lispro.htm
 Iodine,https://www.medindia.net/doctors/drug_information/iodine.htm
 Ipratropium Bromide,https://www.medindia.net/doctors/drug_information/ipratropium_bromide.htm
 Ipriflavone,https://www.medindia.net/doctors/drug_information/ipriflavone.htm
 Irbesartan,https://www.medindia.net/doctors/drug_information/irbesartan.htm
 Irinotecan,https://www.medindia.net/doctors/drug_information/irinotecan.htm
 Iron Dextran,https://www.medindia.net/doctors/drug_information/iron_dextran.htm
 Iron Sucrose,https://www.medindia.net/doctors/drug_information/iron_sucrose.htm
 Isoflurane,https://www.medindia.net/doctors/drug_information/isoflurane.htm
 Isoniazid,https://www.medindia.net/doctors/drug_information/isoniazid.htm
 Isoprenaline,https://www.medindia.net/doctors/drug_information/isoprenaline.htm
 Isopropamide,https://www.medindia.net/doctors/drug_information/isopropamide.htm
 Isosorbide,https://www.medindia.net/doctors/drug_information/isosorbide.htm
 Isotretinoin,https://www.medindia.net/doctors/drug_information/isotretinoin.htm
 Itopride,https://www.medindia.net/doctors/drug_information/itopride.htm
 Itraconazole ,https://www.medindia.net/doctors/drug_information/itraconazole.htm
 Ivabradine,https://www.medindia.net/doctors/drug_information/ivabradine.htm
 Ivermectin,https://www.medindia.net/doctors/drug_information/ivermectin.htm
 Kanamycin,https://www.medindia.net/doctors/drug_information/kanamycin.htm
 Kaolin and Pectin ,https://www.medindia.net/doctors/drug_information/kaolin_pectin.htm
 Ketamine,https://www.medindia.net/doctors/drug_information/ketamine.htm
 Ketoconazole,https://www.medindia.net/doctors/drug_information/ketoconazole.htm
 Ketoprofen,https://www.medindia.net/doctors/drug_information/ketoprofen.htm
 Ketorolac,https://www.medindia.net/doctors/drug_information/ketorolac.htm
 Ketotifen,https://www.medindia.net/doctors/drug_information/ketotifen.htm
 Labetalol,https://www.medindia.net/doctors/drug_information/labetalol.htm
 Lacidipine,https://www.medindia.net/doctors/drug_information/lacidipine.htm
 Lacosamide,https://www.medindia.net/doctors/drug_information/lacosamide.htm
 Lactic acid ,https://www.medindia.net/doctors/drug_information/lactic_acid.htm
 Lactobacillus Acidophilus,https://www.medindia.net/doctors/drug_information/lactobacillus_acidophilus.htm
 Lactulose,https://www.medindia.net/doctors/drug_information/lactulose.htm
 Lafutidine,https://www.medindia.net/doctors/drug_information/lafutidine.htm
 Lamivudine,https://www.medindia.net/doctors/drug_information/lamivudine.htm
 Lamotrigine,https://www.medindia.net/doctors/drug_information/lamotrigine.htm
 Lansoprazole,https://www.medindia.net/doctors/drug_information/lansoprazole.htm
 Lanthanum Carbonate,https://www.medindia.net/doctors/drug_information/lanthanum_carbonate.htm
 Latanoprost,https://www.medindia.net/doctors/drug_information/latanoprost.htm
 Leflunomide,https://www.medindia.net/doctors/drug_information/leflunomide.htm
 Lenalidomide,https://www.medindia.net/doctors/drug_information/lenalidomide.htm
 Lenograstim,https://www.medindia.net/doctors/drug_information/lenograstim.htm
 Lercanidipine,https://www.medindia.net/doctors/drug_information/lercanidipine.htm
 Letrozole,https://www.medindia.net/doctors/drug_information/letrozole.htm
 Leucovorin,https://www.medindia.net/doctors/drug_information/leucovorin.htm
 Leuprolide,https://www.medindia.net/doctors/drug_information/leuprolide.htm
 Levalbuterol HCl ,https://www.medindia.net/doctors/drug_information/levalbuterol_hcl.htm
 Levamisole,https://www.medindia.net/doctors/drug_information/levamisole.htm
 Levetiracetam,https://www.medindia.net/doctors/drug_information/levetiracetam.htm
 Levobunolol (Ophthalmic),https://www.medindia.net/doctors/drug_information/levobunolol_ophthalmic.htm
 Levocarnitine,https://www.medindia.net/doctors/drug_information/levocarnitine.htm
 Levocetirizine,https://www.medindia.net/doctors/drug_information/levocetirizine.htm
 Levodopa,https://www.medindia.net/doctors/drug_information/levodopa.htm
 Levodropropizine,https://www.medindia.net/doctors/drug_information/levodropropizine.htm
 Levofloxacin,https://www.medindia.net/doctors/drug_information/levofloxacin.htm
 Levonorgestrel,https://www.medindia.net/doctors/drug_information/levonorgestrel.htm
 Levosulpiride,https://www.medindia.net/doctors/drug_information/levosulpiride.htm
 Levothyroxine,https://www.medindia.net/doctors/drug_information/levothyroxine.htm
 Lidocaine,https://www.medindia.net/doctors/drug_information/lidocaine.htm
 Lincomycin,https://www.medindia.net/doctors/drug_information/lincomycin.htm
 Lindane,https://www.medindia.net/doctors/drug_information/lindane.htm
 Linezolid,https://www.medindia.net/doctors/drug_information/linezolid.htm
 Liothyronine,https://www.medindia.net/doctors/drug_information/liothyronine.htm
 Lisinopril,https://www.medindia.net/doctors/drug_information/lisinopril.htm
 Lithium,https://www.medindia.net/doctors/drug_information/lithium.htm
 L-METHYLFOLATE,https://www.medindia.net/doctors/drug_information/lmethylfolate.htm
 Lomefloxacin,https://www.medindia.net/doctors/drug_information/lomefloxacin.htm
 Lomustine,https://www.medindia.net/doctors/drug_information/lomustine.htm
 Loperamide,https://www.medindia.net/doctors/drug_information/loperamide.htm
 Loratadine,https://www.medindia.net/doctors/drug_information/loratadine.htm
 Lorazepam,https://www.medindia.net/doctors/drug_information/lorazepam.htm
 Lornoxicam,https://www.medindia.net/doctors/drug_information/lornoxicam.htm
 Losartan,https://www.medindia.net/doctors/drug_information/losartan.htm
 Loteprednol,https://www.medindia.net/doctors/drug_information/loteprednol.htm
 Lovastatin,https://www.medindia.net/doctors/drug_information/lovastatin.htm
 Loxapine,https://www.medindia.net/doctors/drug_information/loxapine.htm
 Lubiprostone,https://www.medindia.net/doctors/drug_information/lubiprostone.htm
 Luliconazole,https://www.medindia.net/doctors/drug_information/luliconazole.htm
 Luliconazole,https://www.medindia.net/doctors/drug_information/luliconazole.htm
 Luliconazole,https://www.medindia.net/doctors/drug_information/luliconazole.htm
 Lynestrenol,https://www.medindia.net/doctors/drug_information/lynestrenol.htm
 Magaldrate-Simethicone ,https://www.medindia.net/doctors/drug_information/magaldratesimethicone.htm
 Magnesium Hydroxide,https://www.medindia.net/doctors/drug_information/magnesium_hydroxide.htm
 Magnesium Sulphate,https://www.medindia.net/doctors/drug_information/magnesium_sulphate.htm
 Mannitol,https://www.medindia.net/doctors/drug_information/mannitol.htm
 Mazindol,https://www.medindia.net/doctors/drug_information/mazindol.htm
 Mebendazole,https://www.medindia.net/doctors/drug_information/mebendazole.htm
 Mebeverine,https://www.medindia.net/doctors/drug_information/mebeverine.htm
 Meclizine,https://www.medindia.net/doctors/drug_information/meclizine.htm
 Mecobalamin,https://www.medindia.net/doctors/drug_information/mecobalamin.htm
 Medroxyprogesterone,https://www.medindia.net/doctors/drug_information/medroxyprogesterone.htm
 Mefenamic Acid,https://www.medindia.net/doctors/drug_information/mefenamic_acid.htm
 Mefloquine,https://www.medindia.net/doctors/drug_information/mefloquine.htm
 Megestrol,https://www.medindia.net/doctors/drug_information/megestrol.htm
 Melatonin,https://www.medindia.net/doctors/drug_information/melatonin.htm
 Melitracen,https://www.medindia.net/doctors/drug_information/melitracen.htm
 Meloxicam,https://www.medindia.net/doctors/drug_information/meloxicam.htm
 Melphalan,https://www.medindia.net/doctors/drug_information/melphalan.htm
 Memantine,https://www.medindia.net/doctors/drug_information/memantine.htm
 Menotropins,https://www.medindia.net/doctors/drug_information/menotropins.htm
 Mepacrine,https://www.medindia.net/doctors/drug_information/mepacrine.htm
 Mephenesin,https://www.medindia.net/doctors/drug_information/mephenesin.htm
 Mephentermine,https://www.medindia.net/doctors/drug_information/mephentermine.htm
 Mercaptopurine,https://www.medindia.net/doctors/drug_information/mercaptopurine.htm
 Meropenem,https://www.medindia.net/doctors/drug_information/meropenem.htm
 Mesalamine(Mesalazine),https://www.medindia.net/doctors/drug_information/mesalaminemesalazine.htm
 Mesna,https://www.medindia.net/doctors/drug_information/mesna.htm
 Mesterolone,https://www.medindia.net/doctors/drug_information/mesterolone.htm
 Metadoxine,https://www.medindia.net/doctors/drug_information/metadoxine.htm
 Metaxalone,https://www.medindia.net/doctors/drug_information/metaxalone.htm
 Metformin,https://www.medindia.net/doctors/drug_information/metformin.htm
 Methdilazine,https://www.medindia.net/doctors/drug_information/methdilazine.htm
 Methenamine,https://www.medindia.net/doctors/drug_information/methenamine.htm
 Methionine,https://www.medindia.net/doctors/drug_information/methionine.htm
 Methocarbamol,https://www.medindia.net/doctors/drug_information/methocarbamol.htm
 Methotrexate,https://www.medindia.net/doctors/drug_information/methotrexate.htm
 Methoxsalen,https://www.medindia.net/doctors/drug_information/methoxsalen.htm
 Methyl Salicylate,https://www.medindia.net/doctors/drug_information/methyl_salicylate.htm
 Methyldopa,https://www.medindia.net/doctors/drug_information/methyldopa.htm
 Methylergometrine,https://www.medindia.net/doctors/drug_information/methylergometrine.htm
 Methylhesperidin,https://www.medindia.net/doctors/drug_information/methylhesperidin.htm
 Methylprednisolone,https://www.medindia.net/doctors/drug_information/methylprednisolone.htm
 Methyltestosterone ,https://www.medindia.net/doctors/drug_information/methyltestosterone.htm
 Metoclopramide,https://www.medindia.net/doctors/drug_information/metoclopramide.htm
 Metolazone,https://www.medindia.net/doctors/drug_information/metolazone.htm
 Metoprolol,https://www.medindia.net/doctors/drug_information/metoprolol.htm
 Metronidazole,https://www.medindia.net/doctors/drug_information/metronidazole.htm
 Mexiletine,https://www.medindia.net/doctors/drug_information/mexiletine.htm
 Mianserin,https://www.medindia.net/doctors/drug_information/mianserin.htm
 Miconazole,https://www.medindia.net/doctors/drug_information/miconazole.htm
 Midazolam,https://www.medindia.net/doctors/drug_information/midazolam.htm
 Mifepristone,https://www.medindia.net/doctors/drug_information/mifepristone.htm
 Miglitol,https://www.medindia.net/doctors/drug_information/miglitol.htm
 Milrinone,https://www.medindia.net/doctors/drug_information/milrinone.htm
 Minocycline,https://www.medindia.net/doctors/drug_information/minocycline.htm
 Mirtazapine,https://www.medindia.net/doctors/drug_information/mirtazapine.htm
 Misoprostol,https://www.medindia.net/doctors/drug_information/misoprostol.htm
 Mitomycin,https://www.medindia.net/doctors/drug_information/mitomycin.htm
 Mitotane,https://www.medindia.net/doctors/drug_information/mitotane.htm
 Mitoxantrone,https://www.medindia.net/doctors/drug_information/mitoxantrone.htm
 Mizolastine,https://www.medindia.net/doctors/drug_information/mizolastine.htm
 Moclobemide,https://www.medindia.net/doctors/drug_information/moclobemide.htm
 Modafinil,https://www.medindia.net/doctors/drug_information/modafinil.htm
 Mometasone,https://www.medindia.net/doctors/drug_information/mometasone.htm
 Monobenzone,https://www.medindia.net/doctors/drug_information/monobenzone.htm
 Montelukast,https://www.medindia.net/doctors/drug_information/montelukast.htm
 Morphine,https://www.medindia.net/doctors/drug_information/morphine.htm
 Mosapride,https://www.medindia.net/doctors/drug_information/mosapride.htm
 Moxifloxacin,https://www.medindia.net/doctors/drug_information/moxifloxacin.htm
 Moxonidine,https://www.medindia.net/doctors/drug_information/moxonidine.htm
 multivitamin,https://www.medindia.net/doctors/drug_information/multivitamin.htm
 Mupirocin,https://www.medindia.net/doctors/drug_information/mupirocin.htm
 Mycophenolate Mofetil,https://www.medindia.net/doctors/drug_information/mycophenolate_mofetil.htm
 Mycophenolic Acid,https://www.medindia.net/doctors/drug_information/mycophenolic_acid.htm
 Nabumetone,https://www.medindia.net/doctors/drug_information/nabumetone.htm
 Nadifloxacin,https://www.medindia.net/doctors/drug_information/nadifloxacin.htm
 Nadroparin,https://www.medindia.net/doctors/drug_information/nadroparin.htm
 Nafarelin,https://www.medindia.net/doctors/drug_information/nafarelin.htm
 Naftopidil,https://www.medindia.net/doctors/drug_information/naftopidil.htm
 Nalbuphine,https://www.medindia.net/doctors/drug_information/nalbuphine.htm
 Nalidixic acid,https://www.medindia.net/doctors/drug_information/nalidixic_acid.htm
 Nalidixic Acid,https://www.medindia.net/doctors/drug_information/nalidixic_acid.htm
 Naloxone,https://www.medindia.net/doctors/drug_information/naloxone.htm
 Naltrexone,https://www.medindia.net/doctors/drug_information/naltrexone.htm
 Nandrolone,https://www.medindia.net/doctors/drug_information/nandrolone.htm
 Naphazoline,https://www.medindia.net/doctors/drug_information/naphazoline.htm
 Naproxen,https://www.medindia.net/doctors/drug_information/naproxen.htm
 Naratriptan,https://www.medindia.net/doctors/drug_information/naratriptan.htm
 Natamycin,https://www.medindia.net/doctors/drug_information/natamycin.htm
 Nateglinide,https://www.medindia.net/doctors/drug_information/nateglinide.htm
 Nebivolol,https://www.medindia.net/doctors/drug_information/nebivolol.htm
 Nefopam,https://www.medindia.net/doctors/drug_information/nefopam.htm
 Nelfinavir,https://www.medindia.net/doctors/drug_information/nelfinavir.htm
 Neomycin topical,https://www.medindia.net/doctors/drug_information/neomycin_topical.htm
 Neostigmine,https://www.medindia.net/doctors/drug_information/neostigmine.htm
 Nepafenac ophthalmic ,https://www.medindia.net/doctors/drug_information/nepafenac_ophthalmic.htm
 Netilmicin,https://www.medindia.net/doctors/drug_information/netilmicin.htm
 Nevirapine,https://www.medindia.net/doctors/drug_information/nevirapine.htm
 Niacin,https://www.medindia.net/doctors/drug_information/niacin.htm
 Nicergoline,https://www.medindia.net/doctors/drug_information/nicergoline.htm
 Niclosamide,https://www.medindia.net/doctors/drug_information/niclosamide.htm
 Nicorandil,https://www.medindia.net/doctors/drug_information/nicorandil.htm
 Nicotine,https://www.medindia.net/doctors/drug_information/nicotine.htm
 Nifedipine,https://www.medindia.net/doctors/drug_information/nifedipine.htm
 Nilutamide,https://www.medindia.net/doctors/drug_information/nilutamide.htm
 Nimesulide,https://www.medindia.net/doctors/drug_information/nimesulide.htm
 Nimodipine,https://www.medindia.net/doctors/drug_information/nimodipine.htm
 Nimotuzumab,https://www.medindia.net/doctors/drug_information/nimotuzumab.htm
 Nitazoxanide,https://www.medindia.net/doctors/drug_information/nitazoxanide.htm
 Nitrazepam,https://www.medindia.net/doctors/drug_information/nitrazepam.htm
 Nitrendipine,https://www.medindia.net/doctors/drug_information/nitrendipine.htm
 Nitrofurantoin,https://www.medindia.net/doctors/drug_information/nitrofurantoin.htm
 Nitrofurazone,https://www.medindia.net/doctors/drug_information/nitrofurazone.htm
 Nitroglycerin Ointment,https://www.medindia.net/doctors/drug_information/nitroglycerin_ointment.htm
 Nitroxazepine ,https://www.medindia.net/doctors/drug_information/nitroxazepine.htm
 Norepinephrine,https://www.medindia.net/doctors/drug_information/norepinephrine.htm
 Norethindrone,https://www.medindia.net/doctors/drug_information/norethindrone.htm
 Norfloxacin,https://www.medindia.net/doctors/drug_information/norfloxacin.htm
 Nortriptyline,https://www.medindia.net/doctors/drug_information/nortriptyline.htm
 Nortriptyline,https://www.medindia.net/doctors/drug_information/nortriptyline.htm
 Noscapine,https://www.medindia.net/doctors/drug_information/noscapine.htm
 Nystatin,https://www.medindia.net/doctors/drug_information/nystatin.htm
 Octreotide,https://www.medindia.net/doctors/drug_information/octreotide.htm
 Ofloxacin,https://www.medindia.net/doctors/drug_information/ofloxacin.htm
 Olanzapine,https://www.medindia.net/doctors/drug_information/olanzapine.htm
 Olmesartan,https://www.medindia.net/doctors/drug_information/olmesartan.htm
 Olopatadine,https://www.medindia.net/doctors/drug_information/olopatadine.htm
 Omeprazole,https://www.medindia.net/doctors/drug_information/omeprazole.htm
 Ondansetron,https://www.medindia.net/doctors/drug_information/ondansetron.htm
 Orlistat,https://www.medindia.net/doctors/drug_information/orlistat.htm
 Ormeloxifene,https://www.medindia.net/doctors/drug_information/ormeloxifene.htm
 Ornidazole,https://www.medindia.net/doctors/drug_information/ornidazole.htm
 Orphenadrine,https://www.medindia.net/doctors/drug_information/orphenadrine.htm
 Orphenadrine ,https://www.medindia.net/doctors/drug_information/orphenadrine.htm
 Oseltamivir,https://www.medindia.net/doctors/drug_information/oseltamivir.htm
 Otilonium Bromide,https://www.medindia.net/doctors/drug_information/otilonium_bromide.htm
 Oxaceprol,https://www.medindia.net/doctors/drug_information/oxaceprol.htm
 Oxaliplatin,https://www.medindia.net/doctors/drug_information/oxaliplatin.htm
 Oxaprozin,https://www.medindia.net/doctors/drug_information/oxaprozin.htm
 Oxazepam,https://www.medindia.net/doctors/drug_information/oxazepam.htm
 Oxcarbazepine,https://www.medindia.net/doctors/drug_information/oxcarbazepine.htm
 Oxethazaine,https://www.medindia.net/doctors/drug_information/oxethazaine.htm
 Oxiconazole,https://www.medindia.net/doctors/drug_information/oxiconazole.htm
 Oxprenolol,https://www.medindia.net/doctors/drug_information/oxprenolol.htm
 Oxtriphylline,https://www.medindia.net/doctors/drug_information/oxtriphylline.htm
 Oxyfedrine,https://www.medindia.net/doctors/drug_information/oxyfedrine.htm
 Oxyfenbutazone,https://www.medindia.net/doctors/drug_information/oxyfenbutazone.htm
 Oxymetazoline,https://www.medindia.net/doctors/drug_information/oxymetazoline.htm
 Oxymetholone,https://www.medindia.net/doctors/drug_information/oxymetholone.htm
 Oxyphenonium,https://www.medindia.net/doctors/drug_information/oxyphenonium.htm
 Oxytetracycline,https://www.medindia.net/doctors/drug_information/oxytetracycline.htm
 Oxytocin,https://www.medindia.net/doctors/drug_information/oxytocin.htm
 Paclitaxel,https://www.medindia.net/doctors/drug_information/paclitaxel.htm
 Palonosetron,https://www.medindia.net/doctors/drug_information/palonosetron.htm
 Pamabrom,https://www.medindia.net/doctors/drug_information/pamabrom.htm
 Pamidronate,https://www.medindia.net/doctors/drug_information/pamidronate.htm
 Pancuronium Bromide,https://www.medindia.net/doctors/drug_information/pancuronium_bromide.htm
 Pantoprazole,https://www.medindia.net/doctors/drug_information/pantoprazole.htm
 Papaverine,https://www.medindia.net/doctors/drug_information/papaverine.htm
 Parecoxib,https://www.medindia.net/doctors/drug_information/parecoxib.htm
 Parnaparin,https://www.medindia.net/doctors/drug_information/parnaparin.htm
 Paroxetine,https://www.medindia.net/doctors/drug_information/paroxetine.htm
 Pazufloxacin,https://www.medindia.net/doctors/drug_information/pazufloxacin.htm
 Pefloxacin,https://www.medindia.net/doctors/drug_information/pefloxacin.htm
 Pegfilgrastim,https://www.medindia.net/doctors/drug_information/pegfilgrastim.htm
 Peginterferon Alfa 2 B,https://www.medindia.net/doctors/drug_information/peginterferon_alfa_2_b.htm
 Pemetrexed,https://www.medindia.net/doctors/drug_information/pemetrexed.htm
 Penfluridol,https://www.medindia.net/doctors/drug_information/penfluridol.htm
 Penicillamine,https://www.medindia.net/doctors/drug_information/penicillamine.htm
 Pentazocine,https://www.medindia.net/doctors/drug_information/pentazocine.htm
 Pentosan Polysulfate Sodium,https://www.medindia.net/doctors/drug_information/pentosan_polysulfate_sodium.htm
 Pentoxifylline,https://www.medindia.net/doctors/drug_information/pentoxifylline.htm
 Peppermint Oil,https://www.medindia.net/doctors/drug_information/peppermint_oil.htm
 Perindopril,https://www.medindia.net/doctors/drug_information/perindopril.htm
 Perindopril and Indapamide,https://www.medindia.net/doctors/drug_information/perindopril_indapamide.htm
 Permethrin,https://www.medindia.net/doctors/drug_information/permethrin.htm
 Pethidine,https://www.medindia.net/doctors/drug_information/pethidine.htm
 Phenazone,https://www.medindia.net/doctors/drug_information/phenazone.htm
 Phenazopyridine,https://www.medindia.net/doctors/drug_information/phenazopyridine.htm
 Phenobarbital,https://www.medindia.net/doctors/drug_information/phenobarbital.htm
 Phenobarbitone,https://www.medindia.net/doctors/drug_information/phenobarbitone.htm
 Phenoxybenzamine,https://www.medindia.net/doctors/drug_information/phenoxybenzamine.htm
 Phentolamine Mesylate,https://www.medindia.net/doctors/drug_information/phentolamine_mesylate.htm
 Phenylbutazone,https://www.medindia.net/doctors/drug_information/phenylbutazone.htm
 Phenylephrine,https://www.medindia.net/doctors/drug_information/phenylephrine.htm
 Phenytoin ,https://www.medindia.net/doctors/drug_information/phenytoin.htm
 Pholcodine,https://www.medindia.net/doctors/drug_information/pholcodine.htm
 Physostigmine,https://www.medindia.net/doctors/drug_information/physostigmine.htm
 Pilocarpine,https://www.medindia.net/doctors/drug_information/pilocarpine.htm
 Pimozide,https://www.medindia.net/doctors/drug_information/pimozide.htm
 Pindolol,https://www.medindia.net/doctors/drug_information/pindolol.htm
 Pioglitazone,https://www.medindia.net/doctors/drug_information/pioglitazone.htm
 Pipecuronium,https://www.medindia.net/doctors/drug_information/pipecuronium.htm
 Piperacillin/Tazobactam,https://www.medindia.net/doctors/drug_information/piperacillin_tazobactam.htm
 Piperazine,https://www.medindia.net/doctors/drug_information/piperazine.htm
 Piracetam,https://www.medindia.net/doctors/drug_information/piracetam.htm
 Pirfenidone,https://www.medindia.net/doctors/drug_information/pirfenidone.htm
 Piribedil,https://www.medindia.net/doctors/drug_information/piribedil.htm
 Piroxicam,https://www.medindia.net/doctors/drug_information/piroxicam.htm
 Pitavastatin,https://www.medindia.net/doctors/drug_information/pitavastatin.htm
 Pitofenone,https://www.medindia.net/doctors/drug_information/pitofenone.htm
 Policosanol,https://www.medindia.net/doctors/drug_information/policosanol.htm
 Polidocanol Injection,https://www.medindia.net/doctors/drug_information/polidocanol_injection.htm
 Potassium,https://www.medindia.net/doctors/drug_information/potassium.htm
 Potassium Citrate,https://www.medindia.net/doctors/drug_information/potassium_citrate.htm
 Povidone Iodine,https://www.medindia.net/doctors/drug_information/povidone_iodine.htm
 Pralidoxime,https://www.medindia.net/doctors/drug_information/pralidoxime.htm
 Pramipexole,https://www.medindia.net/doctors/drug_information/pramipexole.htm
 Prasugrel,https://www.medindia.net/doctors/drug_information/prasugrel.htm
 Pravastatin,https://www.medindia.net/doctors/drug_information/pravastatin.htm
 Praziquantel,https://www.medindia.net/doctors/drug_information/praziquantel.htm
 Prazosin,https://www.medindia.net/doctors/drug_information/prazosin.htm
 Prednicarbate,https://www.medindia.net/doctors/drug_information/prednicarbate.htm
 Prednisone,https://www.medindia.net/doctors/drug_information/prednisone.htm
 Pregabalin ,https://www.medindia.net/doctors/drug_information/pregabalin.htm
 Prenoxdiazine,https://www.medindia.net/doctors/drug_information/prenoxdiazine.htm
 Primaquine,https://www.medindia.net/doctors/drug_information/primaquine.htm
 Primidone,https://www.medindia.net/doctors/drug_information/primidone.htm
 Probenecid,https://www.medindia.net/doctors/drug_information/probenecid.htm
 Procainamide,https://www.medindia.net/doctors/drug_information/procainamide.htm
 Procarbazine,https://www.medindia.net/doctors/drug_information/procarbazine.htm
 Prochlorperazine ,https://www.medindia.net/doctors/drug_information/prochlorperazine.htm
 Procyclidine,https://www.medindia.net/doctors/drug_information/procyclidine.htm
 Progesterone,https://www.medindia.net/doctors/drug_information/progesterone.htm
 Proguanil,https://www.medindia.net/doctors/drug_information/proguanil.htm
 Promethazine,https://www.medindia.net/doctors/drug_information/promethazine.htm
 propafenone,https://www.medindia.net/doctors/drug_information/propafenone.htm
 Propafenone,https://www.medindia.net/doctors/drug_information/propafenone.htm
 Propantheline,https://www.medindia.net/doctors/drug_information/propantheline.htm
 Propofol,https://www.medindia.net/doctors/drug_information/propofol.htm
 Propoxyphene,https://www.medindia.net/doctors/drug_information/propoxyphene.htm
 Propranolol,https://www.medindia.net/doctors/drug_information/propranolol.htm
 Propylene Glycol,https://www.medindia.net/doctors/drug_information/propylene_glycol.htm
 Propylthiouracil,https://www.medindia.net/doctors/drug_information/propylthiouracil.htm
 Propyphenazone,https://www.medindia.net/doctors/drug_information/propyphenazone.htm
 Protamine Sulphate,https://www.medindia.net/doctors/drug_information/protamine_sulphate.htm
 Prothionamide,https://www.medindia.net/doctors/drug_information/prothionamide.htm
 Pseudoephedrine,https://www.medindia.net/doctors/drug_information/pseudoephedrine.htm
 Pyrantel,https://www.medindia.net/doctors/drug_information/pyrantel.htm
 Pyrazinamide,https://www.medindia.net/doctors/drug_information/pyrazinamide.htm
 Pyridostigmine,https://www.medindia.net/doctors/drug_information/pyridostigmine.htm
 Pyridoxine,https://www.medindia.net/doctors/drug_information/pyridoxine.htm
 Pyrimethamine- Sulfadoxine,https://www.medindia.net/doctors/drug_information/pyrimethamine_sulfadoxine.htm
 Pyritinol,https://www.medindia.net/doctors/drug_information/pyritinol.htm
 Quetiapine,https://www.medindia.net/doctors/drug_information/quetiapine.htm
 Quinapril,https://www.medindia.net/doctors/drug_information/quinapril.htm
 Quinidine,https://www.medindia.net/doctors/drug_information/quinidine.htm
 Quinine,https://www.medindia.net/doctors/drug_information/quinine.htm
 Quiniodochlor,https://www.medindia.net/doctors/drug_information/quiniodochlor.htm
 Rabeprazole,https://www.medindia.net/doctors/drug_information/rabeprazole.htm
 Racecadotril,https://www.medindia.net/doctors/drug_information/racecadotril.htm
 Raloxifene,https://www.medindia.net/doctors/drug_information/raloxifene.htm
 Ramipril,https://www.medindia.net/doctors/drug_information/ramipril.htm
 Ranitidine,https://www.medindia.net/doctors/drug_information/ranitidine.htm
 Ranolazine,https://www.medindia.net/doctors/drug_information/ranolazine.htm
 Rasagiline,https://www.medindia.net/doctors/drug_information/rasagiline.htm
 Rebamipide,https://www.medindia.net/doctors/drug_information/rebamipide.htm
 Reboxetine,https://www.medindia.net/doctors/drug_information/reboxetine.htm
 Repaglinide ,https://www.medindia.net/doctors/drug_information/repaglinide.htm
 Reserpine,https://www.medindia.net/doctors/drug_information/reserpine.htm
 Resorcinol,https://www.medindia.net/doctors/drug_information/resorcinol.htm
 Retinol,https://www.medindia.net/doctors/drug_information/retinol.htm
 Revaprazan,https://www.medindia.net/doctors/drug_information/revaprazan.htm
 Reviparin Sodium,https://www.medindia.net/doctors/drug_information/reviparin_sodium.htm
 Ribavirin,https://www.medindia.net/doctors/drug_information/ribavirin.htm
 Rifabutin,https://www.medindia.net/doctors/drug_information/rifabutin.htm
 Rifaximin,https://www.medindia.net/doctors/drug_information/rifaximin.htm
 Riluzole,https://www.medindia.net/doctors/drug_information/riluzole.htm
 Risedronate,https://www.medindia.net/doctors/drug_information/risedronate.htm
 Risperidone,https://www.medindia.net/doctors/drug_information/risperidone.htm
 Ritodrine,https://www.medindia.net/doctors/drug_information/ritodrine.htm
 Ritonavir,https://www.medindia.net/doctors/drug_information/ritonavir.htm
 Rituximab,https://www.medindia.net/doctors/drug_information/rituximab.htm
 Rivastigmine,https://www.medindia.net/doctors/drug_information/rivastigmine.htm
 Rizatriptan,https://www.medindia.net/doctors/drug_information/rizatriptan.htm
 Rocuronium,https://www.medindia.net/doctors/drug_information/rocuronium.htm
 Ropinirole,https://www.medindia.net/doctors/drug_information/ropinirole.htm
 Ropivacaine,https://www.medindia.net/doctors/drug_information/ropivacaine.htm
 Rosuvastatin,https://www.medindia.net/doctors/drug_information/rosuvastatin.htm
 Roxatidine,https://www.medindia.net/doctors/drug_information/roxatidine.htm
 Roxithromycin,https://www.medindia.net/doctors/drug_information/roxithromycin.htm
 Rupatadine,https://www.medindia.net/doctors/drug_information/rupatadine.htm
 Rutin,https://www.medindia.net/doctors/drug_information/rutin.htm
 Salbutamol,https://www.medindia.net/doctors/drug_information/salbutamol.htm
 Salmeterol,https://www.medindia.net/doctors/drug_information/salmeterol.htm
 Saquinavir,https://www.medindia.net/doctors/drug_information/saquinavir.htm
 Sargramostim ,https://www.medindia.net/doctors/drug_information/sargramostim.htm
 Satranidazole,https://www.medindia.net/doctors/drug_information/satranidazole.htm
 Secnidazole,https://www.medindia.net/doctors/drug_information/secnidazole.htm
 Selegiline,https://www.medindia.net/doctors/drug_information/selegiline.htm
 Selenium Sulfide,https://www.medindia.net/doctors/drug_information/selenium_sulfide.htm
 Senna,https://www.medindia.net/doctors/drug_information/senna.htm
 Sertaconazole ,https://www.medindia.net/doctors/drug_information/sertaconazole.htm
 Sertaconazole Nitrate ,https://www.medindia.net/doctors/drug_information/sertaconazole_nitrate.htm
 Sertraline,https://www.medindia.net/doctors/drug_information/sertraline.htm
 Sevelamer,https://www.medindia.net/doctors/drug_information/sevelamer.htm
 Sevoflurane,https://www.medindia.net/doctors/drug_information/sevoflurane.htm
 Sibutramine,https://www.medindia.net/doctors/drug_information/sibutramine.htm
 Sildenafil,https://www.medindia.net/doctors/drug_information/sildenafil.htm
 Sildenafil,https://www.medindia.net/doctors/drug_information/sildenafil.htm
 Silodosin,https://www.medindia.net/doctors/drug_information/silodosin.htm
 Silver Sulfadiazine,https://www.medindia.net/doctors/drug_information/silver_sulfadiazine.htm
 Silymarin,https://www.medindia.net/doctors/drug_information/silymarin.htm
 Simethicone,https://www.medindia.net/doctors/drug_information/simethicone.htm
 Simvastatin,https://www.medindia.net/doctors/drug_information/simvastatin.htm
 Sirolimus,https://www.medindia.net/doctors/drug_information/sirolimus.htm
 Sisomicin,https://www.medindia.net/doctors/drug_information/sisomicin.htm
 Sitagliptin,https://www.medindia.net/doctors/drug_information/sitagliptin.htm
 Sodium fusidate,https://www.medindia.net/doctors/drug_information/sodium_fusidate.htm
 Sodium Hyaluronate,https://www.medindia.net/doctors/drug_information/sodium_hyaluronate.htm
 Sodium Nitroprusside,https://www.medindia.net/doctors/drug_information/sodium_nitroprusside.htm
 Sodium Picosulphate,https://www.medindia.net/doctors/drug_information/sodium_picosulphate.htm
 Solifenacin ,https://www.medindia.net/doctors/drug_information/solifenacin.htm
 Somatostatin,https://www.medindia.net/doctors/drug_information/somatostatin.htm
 Somatropin,https://www.medindia.net/doctors/drug_information/somatropin.htm
 Sorbitol,https://www.medindia.net/doctors/drug_information/sorbitol.htm
 Sotalol,https://www.medindia.net/doctors/drug_information/sotalol.htm
 Sparfloxacin,https://www.medindia.net/doctors/drug_information/sparfloxacin.htm
 Spectinomycin,https://www.medindia.net/doctors/drug_information/spectinomycin.htm
 Spiramycin,https://www.medindia.net/doctors/drug_information/spiramycin.htm
 Spironolactone,https://www.medindia.net/doctors/drug_information/spironolactone.htm
 Stanozolol,https://www.medindia.net/doctors/drug_information/stanozolol.htm
 Stavudine,https://www.medindia.net/doctors/drug_information/stavudine.htm
 Streptokinase,https://www.medindia.net/doctors/drug_information/streptokinase.htm
 Streptomycin,https://www.medindia.net/doctors/drug_information/streptomycin.htm
 Succinylcholine,https://www.medindia.net/doctors/drug_information/succinylcholine.htm
 Sucralfate,https://www.medindia.net/doctors/drug_information/sucralfate.htm
 Sulfadimidine,https://www.medindia.net/doctors/drug_information/sulfadimidine.htm
 Sulfamoxole,https://www.medindia.net/doctors/drug_information/sulfamoxole.htm
 Sulfasalazine,https://www.medindia.net/doctors/drug_information/sulfasalazine.htm
 Sulphaguanidine,https://www.medindia.net/doctors/drug_information/sulphaguanidine.htm
 Sultamicillin,https://www.medindia.net/doctors/drug_information/sultamicillin.htm
 Sumatriptan,https://www.medindia.net/doctors/drug_information/sumatriptan.htm
 Suxamethonium Chloride,https://www.medindia.net/doctors/drug_information/suxamethonium_chloride.htm
 Tacrolimus,https://www.medindia.net/doctors/drug_information/tacrolimus.htm
 Tadalafil,https://www.medindia.net/doctors/drug_information/tadalafil.htm
 Tamoxifen,https://www.medindia.net/doctors/drug_information/tamoxifen.htm
 Tamsulosin,https://www.medindia.net/doctors/drug_information/tamsulosin.htm
 Tapentadol,https://www.medindia.net/doctors/drug_information/tapentadol.htm
 Tazarotene,https://www.medindia.net/doctors/drug_information/tazarotene.htm
 Teicoplanin,https://www.medindia.net/doctors/drug_information/teicoplanin.htm
 Telbivudine,https://www.medindia.net/doctors/drug_information/telbivudine.htm
 Telmisartan,https://www.medindia.net/doctors/drug_information/telmisartan.htm
 Temozolomide,https://www.medindia.net/doctors/drug_information/temozolomide.htm
 Temsirolimus,https://www.medindia.net/doctors/drug_information/temsirolimus.htm
 Teneligliptin,https://www.medindia.net/doctors/drug_information/teneligliptin.htm
 Tenofovir,https://www.medindia.net/doctors/drug_information/tenofovir.htm
 Tenoxicam,https://www.medindia.net/doctors/drug_information/tenoxicam.htm
 Terazosin,https://www.medindia.net/doctors/drug_information/terazosin.htm
 Terbinafine ,https://www.medindia.net/doctors/drug_information/terbinafine.htm
 Terbutaline,https://www.medindia.net/doctors/drug_information/terbutaline.htm
 Terconazole,https://www.medindia.net/doctors/drug_information/terconazole.htm
 Terfenadine,https://www.medindia.net/doctors/drug_information/terfenadine.htm
 Terizidone,https://www.medindia.net/doctors/drug_information/terizidone.htm
 Terlipressin,https://www.medindia.net/doctors/drug_information/terlipressin.htm
 Testosterone ,https://www.medindia.net/doctors/drug_information/testosterone.htm
 Testosterone Enanthate,https://www.medindia.net/doctors/drug_information/testosterone_enanthate.htm
 Tetanus Toxoid,https://www.medindia.net/doctors/drug_information/tetanus_toxoid.htm
 Tetrabenazine,https://www.medindia.net/doctors/drug_information/tetrabenazine.htm
 Tetracycline,https://www.medindia.net/doctors/drug_information/tetracycline.htm
 Tetrahydrozoline Hcl,https://www.medindia.net/doctors/drug_information/tetrahydrozoline_hcl.htm
 Thalidomide,https://www.medindia.net/doctors/drug_information/thalidomide.htm
 Theophylline,https://www.medindia.net/doctors/drug_information/theophylline.htm
 Thiamine (Vitamin B1),https://www.medindia.net/doctors/drug_information/thiamine_vitamin_b1.htm
 Thimerosal,https://www.medindia.net/doctors/drug_information/thimerosal.htm
 Thioguanine,https://www.medindia.net/doctors/drug_information/thioguanine.htm
 Thiopental,https://www.medindia.net/doctors/drug_information/thiopental.htm
 Thioridazine,https://www.medindia.net/doctors/drug_information/thioridazine.htm
 Thiotepa,https://www.medindia.net/doctors/drug_information/thiotepa.htm
 Thyroxine,https://www.medindia.net/doctors/drug_information/thyroxine.htm
 Tianeptine,https://www.medindia.net/doctors/drug_information/tianeptine.htm
 Tibolone,https://www.medindia.net/doctors/drug_information/tibolone.htm
 Ticarcillin,https://www.medindia.net/doctors/drug_information/ticarcillin.htm
 Ticlopidine,https://www.medindia.net/doctors/drug_information/ticlopidine.htm
 Tigecycline,https://www.medindia.net/doctors/drug_information/tigecycline.htm
 Timolol Ophthalmic,https://www.medindia.net/doctors/drug_information/timolol_ophthalmic.htm
 Tinidazole,https://www.medindia.net/doctors/drug_information/tinidazole.htm
 Tinocordin,https://www.medindia.net/doctors/drug_information/tinocordin.htm
 Tinzaparin,https://www.medindia.net/doctors/drug_information/tinzaparin.htm
 Tioconazole,https://www.medindia.net/doctors/drug_information/tioconazole.htm
 Tizanidine,https://www.medindia.net/doctors/drug_information/tizanidine.htm
 Tobramycin,https://www.medindia.net/doctors/drug_information/tobramycin.htm
 Tobramycin Ophthalmic,https://www.medindia.net/doctors/drug_information/tobramycin_ophthalmic.htm
 Tolbutamide,https://www.medindia.net/doctors/drug_information/tolbutamide.htm
 Tolfenamic Acid,https://www.medindia.net/doctors/drug_information/tolfenamic_acid.htm
 Tolnaftate,https://www.medindia.net/doctors/drug_information/tolnaftate.htm
 Tolperisone,https://www.medindia.net/doctors/drug_information/tolperisone.htm
 Tolterodine,https://www.medindia.net/doctors/drug_information/tolterodine.htm
 Tolvaptan,https://www.medindia.net/doctors/drug_information/tolvaptan.htm
 Topiramate,https://www.medindia.net/doctors/drug_information/topiramate.htm
 Topotecan,https://www.medindia.net/doctors/drug_information/topotecan.htm
 Torsemide,https://www.medindia.net/doctors/drug_information/torsemide.htm
 Tramadol,https://www.medindia.net/doctors/drug_information/tramadol.htm
 Trandolapril,https://www.medindia.net/doctors/drug_information/trandolapril.htm
 Tranexamic Acid,https://www.medindia.net/doctors/drug_information/tranexamic_acid.htm
 Trastuzumab,https://www.medindia.net/doctors/drug_information/trastuzumab.htm
 Travoprost ,https://www.medindia.net/doctors/drug_information/travoprost.htm
 Trazodone,https://www.medindia.net/doctors/drug_information/trazodone.htm
 Tretinoin,https://www.medindia.net/doctors/drug_information/tretinoin.htm
 Triamcinolone,https://www.medindia.net/doctors/drug_information/triamcinolone.htm
 Triamterene,https://www.medindia.net/doctors/drug_information/triamterene.htm
 Triclabendazole,https://www.medindia.net/doctors/drug_information/triclabendazole.htm
 Triclosan,https://www.medindia.net/doctors/drug_information/triclosan.htm
 Trifluoperazine,https://www.medindia.net/doctors/drug_information/trifluoperazine.htm
 Trifluopromazine,https://www.medindia.net/doctors/drug_information/trifluopromazine.htm
 Trifluperidol,https://www.medindia.net/doctors/drug_information/trifluperidol.htm
 Trihexyphenidyl,https://www.medindia.net/doctors/drug_information/trihexyphenidyl.htm
 Trimethoprim,https://www.medindia.net/doctors/drug_information/trimethoprim.htm
 Trioxsalen,https://www.medindia.net/doctors/drug_information/trioxsalen.htm
 Triprolidine,https://www.medindia.net/doctors/drug_information/triprolidine.htm
 Triptorelin Pamoate for Injectable Suspension ,https://www.medindia.net/doctors/drug_information/triptorelin_pamoate_for_injectable_suspension.htm
 Trospium Chloride,https://www.medindia.net/doctors/drug_information/trospium_chloride.htm
 Troxipide,https://www.medindia.net/doctors/drug_information/troxipide.htm
 Tryptophan,https://www.medindia.net/doctors/drug_information/tryptophan.htm
 Tyrothricin,https://www.medindia.net/doctors/drug_information/tyrothricin.htm
 Urofollitropin,https://www.medindia.net/doctors/drug_information/urofollitropin.htm
 Urokinase,https://www.medindia.net/doctors/drug_information/urokinase.htm
 Ursodeoxycholic Acid,https://www.medindia.net/doctors/drug_information/ursodeoxycholic_acid.htm
 Valacyclovir,https://www.medindia.net/doctors/drug_information/valacyclovir.htm
 Valdecoxib,https://www.medindia.net/doctors/drug_information/valdecoxib.htm
 Valethamate,https://www.medindia.net/doctors/drug_information/valethamate.htm
 Valganciclovir,https://www.medindia.net/doctors/drug_information/valganciclovir.htm
 Valproic acid,https://www.medindia.net/doctors/drug_information/valproic_acid.htm
 Valsartan,https://www.medindia.net/doctors/drug_information/valsartan.htm
 Vancomycin ,https://www.medindia.net/doctors/drug_information/vancomycin.htm
 Vardenafil,https://www.medindia.net/doctors/drug_information/vardenafil.htm
 Varenicline,https://www.medindia.net/doctors/drug_information/varenicline.htm
 Vasopressin,https://www.medindia.net/doctors/drug_information/vasopressin.htm
 Vecuronium,https://www.medindia.net/doctors/drug_information/vecuronium.htm
 Venlafaxine,https://www.medindia.net/doctors/drug_information/venlafaxine.htm
 Verapamil,https://www.medindia.net/doctors/drug_information/verapamil.htm
 Vigabatrin,https://www.medindia.net/doctors/drug_information/vigabatrin.htm
 vildagliptin,https://www.medindia.net/doctors/drug_information/vildagliptin.htm
 Vinblastine,https://www.medindia.net/doctors/drug_information/vinblastine.htm
 Vincristine,https://www.medindia.net/doctors/drug_information/vincristine.htm
 Vinorelbine Tartrate,https://www.medindia.net/doctors/drug_information/vinorelbine_tartrate.htm
 Vinpocetine,https://www.medindia.net/doctors/drug_information/vinpocetine.htm
 Voglibose ,https://www.medindia.net/doctors/drug_information/voglibose.htm
 Voriconazole,https://www.medindia.net/doctors/drug_information/voriconazole.htm
 Warfarin,https://www.medindia.net/doctors/drug_information/warfarin.htm
 Xanthinol Nicotinate,https://www.medindia.net/doctors/drug_information/xanthinol_nicotinate.htm
 Xipamide,https://www.medindia.net/doctors/drug_information/xipamide.htm
 Xylitol,https://www.medindia.net/doctors/drug_information/xylitol.htm
 Xylometazoline,https://www.medindia.net/doctors/drug_information/xylometazoline.htm
 Yellow Fever Vaccine,https://www.medindia.net/doctors/drug_information/yellow_fever_vaccine.htm
 Zafirlukast,https://www.medindia.net/doctors/drug_information/zafirlukast.htm
 Zaleplon,https://www.medindia.net/doctors/drug_information/zaleplon.htm
 Zaltoprofen,https://www.medindia.net/doctors/drug_information/zaltoprofen.htm
 Zanamivir,https://www.medindia.net/doctors/drug_information/zanamivir.htm
 Zidovudine,https://www.medindia.net/doctors/drug_information/zidovudine.htm
 Zinc,https://www.medindia.net/doctors/drug_information/zinc.htm
 Zinc Acetate,https://www.medindia.net/doctors/drug_information/zinc_acetate.htm
 Zinc oxide,https://www.medindia.net/doctors/drug_information/zinc_oxide.htm
 Zinc Pyrithione,https://www.medindia.net/doctors/drug_information/zinc_pyrithione.htm
 Ziprasidone,https://www.medindia.net/doctors/drug_information/ziprasidone.htm
 Zoledronic Acid,https://www.medindia.net/doctors/drug_information/zoledronic_acid.htm
 Zolmitriptan,https://www.medindia.net/doctors/drug_information/zolmitriptan.htm
 Zolpidem,https://www.medindia.net/doctors/drug_information/zolpidem.htm
 Zonisamide,https://www.medindia.net/doctors/drug_information/zonisamide.htm
 Zopiclone,https://www.medindia.net/doctors/drug_information/zopiclone.htm
 Zotepine,https://www.medindia.net/doctors/drug_information/zotepine.htm
 Zuclopenthixol,https://www.medindia.net/doctors/drug_information/zuclopenthixol.htm
