Abec,https://www.medindia.net/drug-price/abacavir/abec.htm
Abcavir,https://www.medindia.net/drug-price/abacavir/abcavir.htm
Abavir,https://www.medindia.net/drug-price/abacavir/abavir.htm
Virol,https://www.medindia.net/drug-price/abacavir/virol.htm
Abec (300mg),https://www.medindia.net/drug-price/abacavir/abec-300mg.htm
Abamune (300mg),https://www.medindia.net/drug-price/abacavir/abamune-300mg.htm
Abamune,https://www.medindia.net/drug-price/abacavir/abamune.htm
Abavir (300mg),https://www.medindia.net/drug-price/abacavir/abavir-300mg.htm
Abmune,https://www.medindia.net/drug-price/abacavir/abmune.htm
Abamune-L (600mg/300mg),https://www.medindia.net/drug-price/abacavir/abamune-l-600mg-300mg.htm
Abamune-L (600mg/300mg),https://www.medindia.net/drug-price/abacavir/abamune-l-600mg-300mg.htm
Abamune (300mg),https://www.medindia.net/drug-price/abacavir/abamune-300mg.htm
Abavir,https://www.medindia.net/drug-price/abacavir/abavir.htm
Abec,https://www.medindia.net/drug-price/abacavir/abec.htm
Abcavir,https://www.medindia.net/drug-price/abacavir/abcavir.htm
Abec (300mg),https://www.medindia.net/drug-price/abacavir/abec-300mg.htm
Virol,https://www.medindia.net/drug-price/abacavir/virol.htm
Abavir (300mg),https://www.medindia.net/drug-price/abacavir/abavir-300mg.htm
Abmune,https://www.medindia.net/drug-price/abacavir/abmune.htm
Abamune,https://www.medindia.net/drug-price/abacavir/abamune.htm
Abamune-L (600mg/300mg),https://www.medindia.net/drug-price/abacavir/abamune-l-600mg-300mg.htm
Virol,https://www.medindia.net/drug-price/abacavir/virol.htm
Abamune (300mg),https://www.medindia.net/drug-price/abacavir/abamune-300mg.htm
Abamune,https://www.medindia.net/drug-price/abacavir/abamune.htm
Abavir,https://www.medindia.net/drug-price/abacavir/abavir.htm
Abavir (300mg),https://www.medindia.net/drug-price/abacavir/abavir-300mg.htm
Abcavir,https://www.medindia.net/drug-price/abacavir/abcavir.htm
Abmune,https://www.medindia.net/drug-price/abacavir/abmune.htm
Abec,https://www.medindia.net/drug-price/abacavir/abec.htm
Abec (300mg),https://www.medindia.net/drug-price/abacavir/abec-300mg.htm
