Acitrom (0.5mg),https://www.medindia.net/drug-price/acenocoumarol/acitrom-0-5mg.htm
Nistrom (2 mg),https://www.medindia.net/drug-price/acenocoumarol/nistrom-2-mg.htm
Acenomac (3mg),https://www.medindia.net/drug-price/acenocoumarol/acenomac-3mg.htm
Acitrom (3 mg),https://www.medindia.net/drug-price/acenocoumarol/acitrom-3-mg.htm
Acitrom (4 mg),https://www.medindia.net/drug-price/acenocoumarol/acitrom-4-mg.htm
Acitrom (2 mg),https://www.medindia.net/drug-price/acenocoumarol/acitrom-2-mg.htm
Acitrom (4mg),https://www.medindia.net/drug-price/acenocoumarol/acitrom-4mg.htm
Acitrom (3mg),https://www.medindia.net/drug-price/acenocoumarol/acitrom-3mg.htm
Acitrom (1mg),https://www.medindia.net/drug-price/acenocoumarol/acitrom-1mg.htm
Nistrom,https://www.medindia.net/drug-price/acenocoumarol/nistrom.htm
Acenomac (1mg),https://www.medindia.net/drug-price/acenocoumarol/acenomac-1mg.htm
Acitrom (3 mg),https://www.medindia.net/drug-price/acenocoumarol/acitrom-3-mg.htm
Acenomac (4mg),https://www.medindia.net/drug-price/acenocoumarol/acenomac-4mg.htm
Nistrom (4 mg),https://www.medindia.net/drug-price/acenocoumarol/nistrom-4-mg.htm
Acitrom (2mg),https://www.medindia.net/drug-price/acenocoumarol/acitrom-2mg.htm
Acenomac (2mg),https://www.medindia.net/drug-price/acenocoumarol/acenomac-2mg.htm
Acitrom (1mg),https://www.medindia.net/drug-price/acenocoumarol/acitrom-1mg.htm
Acenomac (2mg),https://www.medindia.net/drug-price/acenocoumarol/acenomac-2mg.htm
Acitrom (1mg),https://www.medindia.net/drug-price/acenocoumarol/acitrom-1mg.htm
Acenomac (4mg),https://www.medindia.net/drug-price/acenocoumarol/acenomac-4mg.htm
Acitrom (4mg),https://www.medindia.net/drug-price/acenocoumarol/acitrom-4mg.htm
Nistrom (2 mg),https://www.medindia.net/drug-price/acenocoumarol/nistrom-2-mg.htm
Acitrom (3mg),https://www.medindia.net/drug-price/acenocoumarol/acitrom-3mg.htm
Acitrom (3 mg),https://www.medindia.net/drug-price/acenocoumarol/acitrom-3-mg.htm
Acitrom (2 mg),https://www.medindia.net/drug-price/acenocoumarol/acitrom-2-mg.htm
Acenomac (1mg),https://www.medindia.net/drug-price/acenocoumarol/acenomac-1mg.htm
Acitrom (3 mg),https://www.medindia.net/drug-price/acenocoumarol/acitrom-3-mg.htm
Acitrom (0.5mg),https://www.medindia.net/drug-price/acenocoumarol/acitrom-0-5mg.htm
Nistrom (4 mg),https://www.medindia.net/drug-price/acenocoumarol/nistrom-4-mg.htm
Acitrom (1mg),https://www.medindia.net/drug-price/acenocoumarol/acitrom-1mg.htm
Acitrom (4 mg),https://www.medindia.net/drug-price/acenocoumarol/acitrom-4-mg.htm
Acitrom (2mg),https://www.medindia.net/drug-price/acenocoumarol/acitrom-2mg.htm
Nistrom,https://www.medindia.net/drug-price/acenocoumarol/nistrom.htm
Acenomac (3mg),https://www.medindia.net/drug-price/acenocoumarol/acenomac-3mg.htm
