 Nacfil (600mg),https://www.medindia.net/drug-price/acetylcysteine/nacfil-600mg.htm
Acedril Forte (100mg/600mg),https://www.medindia.net/drug-price/acetylcysteine/acedril-forte-100mg-600mg.htm
Cilol (1000mg),https://www.medindia.net/drug-price/acetylcysteine/cilol-1000mg.htm
Cilol (2000mg),https://www.medindia.net/drug-price/acetylcysteine/cilol-2000mg.htm
Cilol (400mg),https://www.medindia.net/drug-price/acetylcysteine/cilol-400mg.htm
Flumucil (100mg),https://www.medindia.net/drug-price/acetylcysteine/flumucil-100mg.htm
Flumucil (100mg),https://www.medindia.net/drug-price/acetylcysteine/flumucil-100mg.htm
Flumucil (200mg),https://www.medindia.net/drug-price/acetylcysteine/flumucil-200mg.htm
Flumucil (200mg),https://www.medindia.net/drug-price/acetylcysteine/flumucil-200mg.htm
Flumucil DT (200mg),https://www.medindia.net/drug-price/acetylcysteine/flumucil-dt-200mg.htm
Gluton (600mg),https://www.medindia.net/drug-price/acetylcysteine/gluton-600mg.htm
Gluton (600mg),https://www.medindia.net/drug-price/acetylcysteine/gluton-600mg.htm
Mucare (1000mg),https://www.medindia.net/drug-price/acetylcysteine/mucare-1000mg.htm
Mucare (200mg),https://www.medindia.net/drug-price/acetylcysteine/mucare-200mg.htm
Mucare (400mg),https://www.medindia.net/drug-price/acetylcysteine/mucare-400mg.htm
Mucinac (20% W/V),https://www.medindia.net/drug-price/acetylcysteine/mucinac-20percent-w-v.htm
Mucinac (20% W/V),https://www.medindia.net/drug-price/acetylcysteine/mucinac-20percent-w-v.htm
Mucinac (400mg),https://www.medindia.net/drug-price/acetylcysteine/mucinac-400mg.htm
Mucinac (600mg),https://www.medindia.net/drug-price/acetylcysteine/mucinac-600mg.htm
Mucinac (600mg),https://www.medindia.net/drug-price/acetylcysteine/mucinac-600mg.htm
Mucohelp (1000mg),https://www.medindia.net/drug-price/acetylcysteine/mucohelp-1000mg.htm
Mucomelt (1000mg),https://www.medindia.net/drug-price/acetylcysteine/mucomelt-1000mg.htm
Mucomelt (200mg),https://www.medindia.net/drug-price/acetylcysteine/mucomelt-200mg.htm
Mucomelt (400mg),https://www.medindia.net/drug-price/acetylcysteine/mucomelt-400mg.htm
Mucomelt (600mg),https://www.medindia.net/drug-price/acetylcysteine/mucomelt-600mg.htm
Mucomix (1000mg),https://www.medindia.net/drug-price/acetylcysteine/mucomix-1000mg.htm
Mucomix (200mg),https://www.medindia.net/drug-price/acetylcysteine/mucomix-200mg.htm
Mucomix (400mg),https://www.medindia.net/drug-price/acetylcysteine/mucomix-400mg.htm
Mucomix (600mg),https://www.medindia.net/drug-price/acetylcysteine/mucomix-600mg.htm
Mucosys (1000mg),https://www.medindia.net/drug-price/acetylcysteine/mucosys-1000mg.htm
Mucosys (1000mg/5mL),https://www.medindia.net/drug-price/acetylcysteine/mucosys-1000mg-5ml.htm
Mucosys (400mg),https://www.medindia.net/drug-price/acetylcysteine/mucosys-400mg.htm
Mucosys (400mg/2mL),https://www.medindia.net/drug-price/acetylcysteine/mucosys-400mg-2ml.htm
Mucotab (600mg),https://www.medindia.net/drug-price/acetylcysteine/mucotab-600mg.htm
Mucotyle (1000mg),https://www.medindia.net/drug-price/acetylcysteine/mucotyle-1000mg.htm
Mucotyle (2000mg),https://www.medindia.net/drug-price/acetylcysteine/mucotyle-2000mg.htm
Mucotyle (600mg),https://www.medindia.net/drug-price/acetylcysteine/mucotyle-600mg.htm
Mucyst (1000mg),https://www.medindia.net/drug-price/acetylcysteine/mucyst-1000mg.htm
Mucyst (400mg),https://www.medindia.net/drug-price/acetylcysteine/mucyst-400mg.htm
Mucyst Inj (800mg),https://www.medindia.net/drug-price/acetylcysteine/mucyst-inj-800mg.htm
Mucyst/Cilol (200mg),https://www.medindia.net/drug-price/acetylcysteine/mucyst-cilol-200mg.htm
Mucyst/Cilol (600mg),https://www.medindia.net/drug-price/acetylcysteine/mucyst-cilol-600mg.htm
Nacel (1000mg),https://www.medindia.net/drug-price/acetylcysteine/nacel-1000mg.htm
Nacel (200mg),https://www.medindia.net/drug-price/acetylcysteine/nacel-200mg.htm
Nacel (400mg),https://www.medindia.net/drug-price/acetylcysteine/nacel-400mg.htm
Nacel (600mg),https://www.medindia.net/drug-price/acetylcysteine/nacel-600mg.htm
Nacfil (600mg),https://www.medindia.net/drug-price/acetylcysteine/nacfil-600mg.htm
Nutradyn Capsules,https://www.medindia.net/drug-price/acetylcysteine/nutradyn-capsules-100iu-100mg.htm
Rebagen Otic (100mg/100mg/100mg),https://www.medindia.net/drug-price/acetylcysteine/rebagen-otic.htm
