Accrivir (200 mg),https://www.medindia.net/drug-price/acyclovir/accrivir-200-mg.htm
Aciherpin (200 mg),https://www.medindia.net/drug-price/acyclovir/aciherpin-200-mg.htm
Aciherpin (400 mg),https://www.medindia.net/drug-price/acyclovir/aciherpin-400-mg.htm
Aciherpin (800 mg),https://www.medindia.net/drug-price/acyclovir/aciherpin-800-mg.htm
Aciherpin Crm (5 gm),https://www.medindia.net/drug-price/acyclovir/aciherpin-crm-5-gm.htm
Acirax (200 mg),https://www.medindia.net/drug-price/acyclovir/acirax-200-mg.htm
Aciv (200 mg),https://www.medindia.net/drug-price/acyclovir/aciv-200-mg.htm
Aciv (400 mg),https://www.medindia.net/drug-price/acyclovir/aciv-400-mg.htm
Aciv (800 mg),https://www.medindia.net/drug-price/acyclovir/aciv-800-mg.htm
Acivir (25 mg),https://www.medindia.net/drug-price/acyclovir/acivir-25-mg.htm
Acivir (Eye),https://www.medindia.net/drug-price/acyclovir/acivir-eye.htm
Acivir (Skin) (5 gm),https://www.medindia.net/drug-price/acyclovir/acivir-skin-5-gm.htm
Acivir DT (200 mg),https://www.medindia.net/drug-price/acyclovir/acivir-dt-200-mg.htm
Acivir DT (400 mg),https://www.medindia.net/drug-price/acyclovir/acivir-dt-400-mg.htm
Acivir DT (800 mg),https://www.medindia.net/drug-price/acyclovir/acivir-dt-800-mg.htm
Acloriv (Skin) (5 gm),https://www.medindia.net/drug-price/acyclovir/acloriv-skin-5-gm.htm
Acloriv DT (200 mg),https://www.medindia.net/drug-price/acyclovir/acloriv-dt-200-mg.htm
Acloriv DT (400 mg),https://www.medindia.net/drug-price/acyclovir/acloriv-dt-400-mg.htm
Aclovir (200 mg),https://www.medindia.net/drug-price/acyclovir/aclovir-200-mg.htm
Aclovir DT (200 mg),https://www.medindia.net/drug-price/acyclovir/aclovir-dt-200-mg.htm
Acv (200 mg),https://www.medindia.net/drug-price/acyclovir/acv-200-mg.htm
Acv (250 mg),https://www.medindia.net/drug-price/acyclovir/acv-250-mg.htm
Acv (400 mg),https://www.medindia.net/drug-price/acyclovir/acv-400-mg.htm
Acv (500 mg),https://www.medindia.net/drug-price/acyclovir/acv-500-mg.htm
Acvirall (400 mg),https://www.medindia.net/drug-price/acyclovir/acvirall-400-mg.htm
Acvirall D (200 mg),https://www.medindia.net/drug-price/acyclovir/acvirall-d-200-mg.htm
Acvirall Dis (200 mg),https://www.medindia.net/drug-price/acyclovir/acvirall-dis-200-mg.htm
Acvirall Dis (400 mg),https://www.medindia.net/drug-price/acyclovir/acvirall-dis-400-mg.htm
Acvirax (800 mg),https://www.medindia.net/drug-price/acyclovir/acvirax-800-mg.htm
Acvirax DT (400 mg),https://www.medindia.net/drug-price/acyclovir/acvirax-dt-400-mg.htm
Acyclor (200 mg),https://www.medindia.net/drug-price/acyclovir/acyclor-200-mg.htm
Acyclovir (250 mg),https://www.medindia.net/drug-price/acyclovir/acyclovir-250-mg.htm
Acyclovir (500 mg),https://www.medindia.net/drug-price/acyclovir/acyclovir-500-mg.htm
Acylab (Skin) (5 gm),https://www.medindia.net/drug-price/acyclovir/acylab-skin-5-gm.htm
Alovir (200 mg),https://www.medindia.net/drug-price/acyclovir/alovir-200-mg.htm
Alovir (400 mg),https://www.medindia.net/drug-price/acyclovir/alovir-400-mg.htm
Alovir (800 mg),https://www.medindia.net/drug-price/acyclovir/alovir-800-mg.htm
Avir DT (400 mg),https://www.medindia.net/drug-price/acyclovir/avir-dt-400-mg.htm
Avir DT (800 mg),https://www.medindia.net/drug-price/acyclovir/avir-dt-800-mg.htm
Axovir (200 mg),https://www.medindia.net/drug-price/acyclovir/axovir-200-mg.htm
Axovir (250 mg),https://www.medindia.net/drug-price/acyclovir/axovir-250-mg.htm
Axovir (400 mg),https://www.medindia.net/drug-price/acyclovir/axovir-400-mg.htm
Axovir (500 mg),https://www.medindia.net/drug-price/acyclovir/axovir-500-mg.htm
Axovir (800 mg),https://www.medindia.net/drug-price/acyclovir/axovir-800-mg.htm
Cevirin (250 mg),https://www.medindia.net/drug-price/acyclovir/cevirin-250-mg.htm
Civir DT (400 mg),https://www.medindia.net/drug-price/acyclovir/civir-dt-400-mg.htm
Civir DT (800 mg),https://www.medindia.net/drug-price/acyclovir/civir-dt-800-mg.htm
Cloviderm (Skin) (5 gm),https://www.medindia.net/drug-price/acyclovir/cloviderm-skin-5-gm.htm
Clovir (5 gm),https://www.medindia.net/drug-price/acyclovir/clovir-5-gm.htm
Clovirax (Skin) (5 gm),https://www.medindia.net/drug-price/acyclovir/clovirax-skin-5-gm.htm
Clovirax DT (200 mg),https://www.medindia.net/drug-price/acyclovir/clovirax-dt-200-mg.htm
Clovirax DT (400 mg),https://www.medindia.net/drug-price/acyclovir/clovirax-dt-400-mg.htm
Clovirax DT (800 mg),https://www.medindia.net/drug-price/acyclovir/clovirax-dt-800-mg.htm
Clyvir (200 mg),https://www.medindia.net/drug-price/acyclovir/clyvir-200-mg.htm
Clyvir (800 mg),https://www.medindia.net/drug-price/acyclovir/clyvir-800-mg.htm
Cutivir (800 mg),https://www.medindia.net/drug-price/acyclovir/cutivir-800-mg.htm
Cycloex (800 mg),https://www.medindia.net/drug-price/acyclovir/cycloex-800-mg.htm
Cyclopiz (200 mg),https://www.medindia.net/drug-price/acyclovir/cyclopiz-200-mg.htm
Cyclopiz (400 mg),https://www.medindia.net/drug-price/acyclovir/cyclopiz-400-mg.htm
Cyclopiz (800 mg),https://www.medindia.net/drug-price/acyclovir/cyclopiz-800-mg.htm
Cyclopiz (Skin) (5 gm),https://www.medindia.net/drug-price/acyclovir/cyclopiz-skin-5-gm.htm
Cyclovir (200 mg),https://www.medindia.net/drug-price/acyclovir/cyclovir-200-mg.htm
Cyclovir (Eye),https://www.medindia.net/drug-price/acyclovir/cyclovir-eye.htm
Cyclovir (Skin) (5 gm),https://www.medindia.net/drug-price/acyclovir/cyclovir-skin-5-gm.htm
Docvir DT (200 mg),https://www.medindia.net/drug-price/acyclovir/docvir-dt-200-mg.htm
Docvir DT (400 mg),https://www.medindia.net/drug-price/acyclovir/docvir-dt-400-mg.htm
Docvir DT (800 mg),https://www.medindia.net/drug-price/acyclovir/docvir-dt-800-mg.htm
Herpe (200 mg),https://www.medindia.net/drug-price/acyclovir/herpe-200-mg.htm
Herperax (200 mg),https://www.medindia.net/drug-price/acyclovir/herperax-200-mg.htm
Herperax (400 mg),https://www.medindia.net/drug-price/acyclovir/herperax-400-mg.htm
Herperax (800 mg),https://www.medindia.net/drug-price/acyclovir/herperax-800-mg.htm
Herperax (Eye),https://www.medindia.net/drug-price/acyclovir/herperax-eye.htm
Herperax (Skin) (5 gm),https://www.medindia.net/drug-price/acyclovir/herperax-skin-5-gm.htm
Herpex (200 mg),https://www.medindia.net/drug-price/acyclovir/herpex-200-mg.htm
Herpex (Skin) (5 gm),https://www.medindia.net/drug-price/acyclovir/herpex-skin-5-gm.htm
Herpex DT (800 mg),https://www.medindia.net/drug-price/acyclovir/herpex-dt-800-mg.htm
Herporax (Skin) (5 gm),https://www.medindia.net/drug-price/acyclovir/herporax-skin-5-gm.htm
Herpovir (200 mg),https://www.medindia.net/drug-price/acyclovir/herpovir-200-mg.htm
Herpovir (400 mg),https://www.medindia.net/drug-price/acyclovir/herpovir-400-mg.htm
Herzovir (250 mg),https://www.medindia.net/drug-price/acyclovir/herzovir-250-mg.htm
Herzovir (500 mg),https://www.medindia.net/drug-price/acyclovir/herzovir-500-mg.htm
Kayvir (200 mg),https://www.medindia.net/drug-price/acyclovir/kayvir-200-mg.htm
Kayvir (800 mg),https://www.medindia.net/drug-price/acyclovir/kayvir-800-mg.htm
Klovir (800 mg),https://www.medindia.net/drug-price/acyclovir/klovir-800-mg.htm
Lovir (200 mg),https://www.medindia.net/drug-price/acyclovir/lovir-200-mg.htm
Lovir (250 mg),https://www.medindia.net/drug-price/acyclovir/lovir-250-mg.htm
Lovir (400 mg),https://www.medindia.net/drug-price/acyclovir/lovir-400-mg.htm
Lovir (800 mg),https://www.medindia.net/drug-price/acyclovir/lovir-800-mg.htm
Lyrovir (200 mg),https://www.medindia.net/drug-price/acyclovir/lyrovir-200-mg.htm
Lyrovir (Skin) (5 gm),https://www.medindia.net/drug-price/acyclovir/lyrovir-skin-5-gm.htm
Nisivir (500 mg),https://www.medindia.net/drug-price/acyclovir/nisivir-500-mg.htm
Ocurax (200 mg),https://www.medindia.net/drug-price/acyclovir/ocurax-200-mg.htm
Ocurax (400 mg),https://www.medindia.net/drug-price/acyclovir/ocurax-400-mg.htm
Ocurax (800 mg),https://www.medindia.net/drug-price/acyclovir/ocurax-800-mg.htm
Ocuvir (800 mg),https://www.medindia.net/drug-price/acyclovir/ocuvir-800-mg.htm
Ocuvir (Eye) (5 gm),https://www.medindia.net/drug-price/acyclovir/ocuvir-eye-5-gm.htm
Ocuvir (Skin) (5 gm),https://www.medindia.net/drug-price/acyclovir/ocuvir-skin-5-gm.htm
Ocuvir DT (200 mg),https://www.medindia.net/drug-price/acyclovir/ocuvir-dt-200-mg.htm
Ocuvir DT (400 mg),https://www.medindia.net/drug-price/acyclovir/ocuvir-dt-400-mg.htm
Okavir (Skin) (5 gm),https://www.medindia.net/drug-price/acyclovir/okavir-skin-5-gm.htm
Okavir DT (200 mg),https://www.medindia.net/drug-price/acyclovir/okavir-dt-200-mg.htm
Okavir DT (400mg),https://www.medindia.net/drug-price/acyclovir/okavir-dt-400mg.htm
Ophtrhovir (Eye),https://www.medindia.net/drug-price/acyclovir/ophtrhovir-eye.htm
Optiviral (200 mg),https://www.medindia.net/drug-price/acyclovir/optiviral-200-mg.htm
Optiviral (Eye),https://www.medindia.net/drug-price/acyclovir/optiviral-eye.htm
Oveer,https://www.medindia.net/drug-price/acyclovir/oveer.htm
Ovir (250 mg),https://www.medindia.net/drug-price/acyclovir/ovir-250-mg.htm
Psyvir (Skin) (5 gm),https://www.medindia.net/drug-price/acyclovir/psyvir-skin-5-gm.htm
Ridoherp,https://www.medindia.net/drug-price/acyclovir/ridoherp.htm
Ridoherp (Skin) (5 gm),https://www.medindia.net/drug-price/acyclovir/ridoherp-skin-5-gm.htm
Rivol,https://www.medindia.net/drug-price/acyclovir/rivol.htm
Rivol (800 mg),https://www.medindia.net/drug-price/acyclovir/rivol-800-mg.htm
Rovir,https://www.medindia.net/drug-price/acyclovir/rovir.htm
Rovir (800 mg),https://www.medindia.net/drug-price/acyclovir/rovir-800-mg.htm
Rowapil,https://www.medindia.net/drug-price/acyclovir/rowapil.htm
Setuvir,https://www.medindia.net/drug-price/acyclovir/setuvir.htm
Spaclovir (200 mg),https://www.medindia.net/drug-price/acyclovir/spaclovir-200-mg.htm
Trikase (200 mg),https://www.medindia.net/drug-price/acyclovir/trikase-200-mg.htm
Trikase (800 mg),https://www.medindia.net/drug-price/acyclovir/trikase-800-mg.htm
Trikase (Skin) (10 gm),https://www.medindia.net/drug-price/acyclovir/trikase-skin-10-gm.htm
Trikase (Skin) (5 gm),https://www.medindia.net/drug-price/acyclovir/trikase-skin-5-gm.htm
Vir Inj (250 mg),https://www.medindia.net/drug-price/acyclovir/vir-inj-250-mg.htm
Vira (Eye),https://www.medindia.net/drug-price/acyclovir/vira-eye.htm
Virclo,https://www.medindia.net/drug-price/acyclovir/Virclo-Shinto-Biotec-Ltd.htm
Virclo,https://www.medindia.net/drug-price/acyclovir/virclo.htm
Virclo (800 mg),https://www.medindia.net/drug-price/acyclovir/virclo-800-mg.htm
Virex,https://www.medindia.net/drug-price/acyclovir/virex.htm
Virex (200 mg),https://www.medindia.net/drug-price/acyclovir/virex-200-mg.htm
Viroderm (Eye),https://www.medindia.net/drug-price/acyclovir/viroderm-eye.htm
Virucid (Eye),https://www.medindia.net/drug-price/acyclovir/virucid-eye.htm
Vivorax (Skin) (5 gm),https://www.medindia.net/drug-price/acyclovir/vivorax-skin-5-gm.htm
Zovir (200 mg),https://www.medindia.net/drug-price/acyclovir/zovir-200-mg.htm
Zovir (400 mg),https://www.medindia.net/drug-price/acyclovir/zovir-400-mg.htm
Zovir (800 mg),https://www.medindia.net/drug-price/acyclovir/zovir-800-mg.htm
Zovirax,https://www.medindia.net/drug-price/acyclovir/zovirax.htm
Zovirax (100ml),https://www.medindia.net/drug-price/acyclovir/zovirax-100ml.htm
Zovirax (200 mg),https://www.medindia.net/drug-price/acyclovir/zovirax-200-mg.htm
Zovirax (400 mg),https://www.medindia.net/drug-price/acyclovir/zovirax-400-mg.htm
Zovirax (800 mg),https://www.medindia.net/drug-price/acyclovir/zovirax-800-mg.htm
Zovirax Opthalmic (Eye),https://www.medindia.net/drug-price/acyclovir/zovirax-opthalmic-eye.htm
Zoylex (250 mg),https://www.medindia.net/drug-price/acyclovir/zoylex-250-mg.htm
Zoylex (500 mg),https://www.medindia.net/drug-price/acyclovir/zoylex-500-mg.htm
Zoylex (Skin) (5 gm),https://www.medindia.net/drug-price/acyclovir/zoylex-skin-5-gm.htm
Zoylex DT (200mg),https://www.medindia.net/drug-price/acyclovir/zoylex-dt-200mg.htm
Zoylex -DT (400mg),https://www.medindia.net/drug-price/acyclovir/zoylex-dt-400mg.htm
Zoylex -DT (800 mg),https://www.medindia.net/drug-price/acyclovir/zoylex-dt-800-mg.htm
Zoylex inj (250 mg),https://www.medindia.net/drug-price/acyclovir/zoylex-inj-250-mg.htm
Zoylex inj (500 mg),https://www.medindia.net/drug-price/acyclovir/zoylex-inj-500-mg.htm
