A 1 (400mg),https://www.medindia.net/drug-price/albendazole/a-1-400mg.htm
A B Z (400mg),https://www.medindia.net/drug-price/albendazole/a-b-z-400mg.htm
A Zole (400mg),https://www.medindia.net/drug-price/albendazole/a-zole-400mg.htm
Abd (10ml),https://www.medindia.net/drug-price/albendazole/abd-10ml.htm
ABD (200mg/5mL),https://www.medindia.net/drug-price/albendazole/abd-200mg-5ml.htm
ABD (400mg),https://www.medindia.net/drug-price/albendazole/abd-400mg.htm
Abd (400mg),https://www.medindia.net/drug-price/albendazole/abd-400mg.htm
Abend (10ml),https://www.medindia.net/drug-price/albendazole/abend-10ml.htm
Abend (400mg),https://www.medindia.net/drug-price/albendazole/abend-400mg.htm
Abendaz (10ml),https://www.medindia.net/drug-price/albendazole/abendaz-10ml.htm
Abenzer (10ml),https://www.medindia.net/drug-price/albendazole/abenzer-10ml.htm
Abenzer (400mg),https://www.medindia.net/drug-price/albendazole/abenzer-400mg.htm
Abide (10ml),https://www.medindia.net/drug-price/albendazole/abide-10ml.htm
Abide (400mg),https://www.medindia.net/drug-price/albendazole/abide-400mg.htm
ABL (400mg),https://www.medindia.net/drug-price/albendazole/abl-400mg.htm
ABL (400mg) (Capri Pharma),https://www.medindia.net/drug-price/albendazole/abl-400mg-capri-pharma.htm
Ablaze IM,https://www.medindia.net/drug-price/albendazole/ablaze-im.htm
Abra IM,https://www.medindia.net/drug-price/albendazole/abra-im.htm
Abtab (400mg),https://www.medindia.net/drug-price/albendazole/abtab-400mg.htm
Abworm (200mg),https://www.medindia.net/drug-price/albendazole/abworm-200mg.htm
ABZ (10ml),https://www.medindia.net/drug-price/albendazole/abz-10ml.htm
ABZ Chw (400mg),https://www.medindia.net/drug-price/albendazole/abz-chw-400mg.htm
ABZ Plus,https://www.medindia.net/drug-price/albendazole/abz-plus.htm
Abzol (10ml),https://www.medindia.net/drug-price/albendazole/abzol-10ml.htm
Abzol (400mg),https://www.medindia.net/drug-price/albendazole/abzol-400mg.htm
Abzole (10ml),https://www.medindia.net/drug-price/albendazole/abzole-10ml.htm
Abzole (400mg) (Arbro Pharma),https://www.medindia.net/drug-price/albendazole/abzole-400mg-arbro-pharma.htm
Abzole (400mg) (Euphoric Pharma),https://www.medindia.net/drug-price/albendazole/abzole-400mg-euphoric-pharma.htm
Abzole DS (400mg),https://www.medindia.net/drug-price/albendazole/abzole-ds-400mg.htm
Acizole (400mg),https://www.medindia.net/drug-price/albendazole/acizole-400mg.htm
AD Dworm (10ml),https://www.medindia.net/drug-price/albendazole/ad-dworm-10ml.htm
AD Dworm (400mg),https://www.medindia.net/drug-price/albendazole/ad-dworm-400mg.htm
Agroben (10ml),https://www.medindia.net/drug-price/albendazole/agroben-10ml.htm
AH 1 (10ml),https://www.medindia.net/drug-price/albendazole/ah-1-10ml.htm
AH 1 (400mg),https://www.medindia.net/drug-price/albendazole/ah-1-400mg.htm
AL (10ml),https://www.medindia.net/drug-price/albendazole/al-10ml.htm
AL (400mg),https://www.medindia.net/drug-price/albendazole/al-400mg.htm
Al Worm (400mg),https://www.medindia.net/drug-price/albendazole/al-worm-400mg.htm
Alba (10ml),https://www.medindia.net/drug-price/albendazole/alba-10ml.htm
Alba (400mg),https://www.medindia.net/drug-price/albendazole/alba-400mg.htm
Alba tab (400mg),https://www.medindia.net/drug-price/albendazole/alba-tab-400mg.htm
Albacos (10ml),https://www.medindia.net/drug-price/albendazole/albacos-10ml.htm
Albacos (400mg),https://www.medindia.net/drug-price/albendazole/albacos-400mg.htm
Albacos IR,https://www.medindia.net/drug-price/albendazole/albacos-ir.htm
Albactin Plus,https://www.medindia.net/drug-price/albendazole/albactin-plus.htm
Albamaa (10ml),https://www.medindia.net/drug-price/albendazole/albamaa-10ml.htm
Albawin (400mg),https://www.medindia.net/drug-price/albendazole/albawin-400mg.htm
Albax (10ml),https://www.medindia.net/drug-price/albendazole/albax-10ml.htm
Albax (400mg),https://www.medindia.net/drug-price/albendazole/albax-400mg.htm
Albazen (400mg),https://www.medindia.net/drug-price/albendazole/albazen-400mg.htm
Albazen tab (400mg),https://www.medindia.net/drug-price/albendazole/albazen-tab-400mg.htm
Albazio (10ml),https://www.medindia.net/drug-price/albendazole/albazio-10ml.htm
Albazio (400mg),https://www.medindia.net/drug-price/albendazole/albazio-400mg.htm
Albazol (10ml),https://www.medindia.net/drug-price/albendazole/albazol-10ml.htm
Albazole (10ml),https://www.medindia.net/drug-price/albendazole/albazole-10ml.htm
Albazole DT (400mg),https://www.medindia.net/drug-price/albendazole/albazole-dt-400mg.htm
Albe (10ml),https://www.medindia.net/drug-price/albendazole/albe-10ml.htm
Albe (400mg),https://www.medindia.net/drug-price/albendazole/albe-400mg.htm
Albecon (400mg),https://www.medindia.net/drug-price/albendazole/albecon-400mg.htm
Albeda,https://www.medindia.net/drug-price/albendazole/albeda.htm
Albeda (10ml),https://www.medindia.net/drug-price/albendazole/albeda-10ml.htm
Albeder (10ml),https://www.medindia.net/drug-price/albendazole/albeder-10ml.htm
Albeder (200mg),https://www.medindia.net/drug-price/albendazole/albeder-200mg.htm
Albeder (400mg),https://www.medindia.net/drug-price/albendazole/albeder-400mg.htm
Albeder (400mg),https://www.medindia.net/drug-price/albendazole/albeder-400mg.htm
Albeder-IR (12mg/400mg),https://www.medindia.net/drug-price/albendazole/albeder-ir-12mg-400mg.htm
Albeges (10ml),https://www.medindia.net/drug-price/albendazole/albeges-10ml.htm
Albeges (400mg),https://www.medindia.net/drug-price/albendazole/albeges-400mg.htm
Albekon (10ml),https://www.medindia.net/drug-price/albendazole/albekon-10ml.htm
Albekon (400mg),https://www.medindia.net/drug-price/albendazole/albekon-400mg.htm
Albela (10ml),https://www.medindia.net/drug-price/albendazole/albela-10ml.htm
Albela (400mg),https://www.medindia.net/drug-price/albendazole/albela-400mg.htm
Alben (10ml),https://www.medindia.net/drug-price/albendazole/alben-10ml.htm
Alben (200mg),https://www.medindia.net/drug-price/albendazole/alben-200mg.htm
Albena (10ml),https://www.medindia.net/drug-price/albendazole/albena-10ml.htm
Albend (400mg),https://www.medindia.net/drug-price/albendazole/albend-400mg.htm
Albenda (10ml),https://www.medindia.net/drug-price/albendazole/albenda-10ml.htm
Albenda (400mg),https://www.medindia.net/drug-price/albendazole/albenda-400mg.htm
Albendazole (10ml),https://www.medindia.net/drug-price/albendazole/albendazole-10ml.htm
Albendazole (400mg),https://www.medindia.net/drug-price/albendazole/albendazole-400mg.htm
Albendazole (400mg) (Acichem),https://www.medindia.net/drug-price/albendazole/albendazole-400mg-acichem.htm
Albendazole (400mg) (Generic),https://www.medindia.net/drug-price/albendazole/albendazole-400mg-generic.htm
Albendazole (400mg) (LOCOST),https://www.medindia.net/drug-price/albendazole/albendazole-400mg-locost.htm
Albendex (150mg),https://www.medindia.net/drug-price/albendazole/albendex-150mg.htm
Albendex P,https://www.medindia.net/drug-price/albendazole/albendex-p.htm
Albendol (10ml),https://www.medindia.net/drug-price/albendazole/albendol-10ml.htm
Albendol (400mg),https://www.medindia.net/drug-price/albendazole/albendol-400mg.htm
Albendz (400mg),https://www.medindia.net/drug-price/albendazole/albendz-400mg.htm
Albengel (400mg),https://www.medindia.net/drug-price/albendazole/albengel-400mg.htm
Albenic (400mg),https://www.medindia.net/drug-price/albendazole/albenic-400mg.htm
Albens (400mg),https://www.medindia.net/drug-price/albendazole/albens-400mg.htm
Albent (10ml),https://www.medindia.net/drug-price/albendazole/albent-10ml.htm
Albent (400mg),https://www.medindia.net/drug-price/albendazole/albent-400mg.htm
Albentin,https://www.medindia.net/drug-price/albendazole/albentin.htm
Albenzole (10ml),https://www.medindia.net/drug-price/albendazole/albenzole-10ml.htm
Albesan (400mg),https://www.medindia.net/drug-price/albendazole/albesan-400mg.htm
Albest (10ml),https://www.medindia.net/drug-price/albendazole/albest-10ml.htm
Albest (400mg),https://www.medindia.net/drug-price/albendazole/albest-400mg.htm
Albest susp (10ml),https://www.medindia.net/drug-price/albendazole/albest-susp-10ml.htm
Albest tab(400mg),https://www.medindia.net/drug-price/albendazole/albest-tab-400mg.htm
Albestar (10ml),https://www.medindia.net/drug-price/albendazole/albestar-10ml.htm
Albestar (200mg/5mL),https://www.medindia.net/drug-price/albendazole/albestar-200mg-5ml.htm
Albestar (400mg),https://www.medindia.net/drug-price/albendazole/albestar-400mg.htm
Albestar (400mg),https://www.medindia.net/drug-price/albendazole/albestar-400mg.htm
Albex (10ml),https://www.medindia.net/drug-price/albendazole/albex-10ml.htm
Albex (400mg),https://www.medindia.net/drug-price/albendazole/albex-400mg.htm
Albezole (10ml),https://www.medindia.net/drug-price/albendazole/albezole-10ml.htm
Albezole (400mg),https://www.medindia.net/drug-price/albendazole/albezole-400mg.htm
Albino (400mg),https://www.medindia.net/drug-price/albendazole/albino-400mg.htm
Albins (400mg),https://www.medindia.net/drug-price/albendazole/albins-400mg.htm
Albitif (400mg),https://www.medindia.net/drug-price/albendazole/albitif-400mg.htm
Albitif Plus,https://www.medindia.net/drug-price/albendazole/albitif-plus.htm
Albitos (400mg),https://www.medindia.net/drug-price/albendazole/albitos-400mg.htm
Albiz (400mg),https://www.medindia.net/drug-price/albendazole/albiz-400mg.htm
Albol (10ml),https://www.medindia.net/drug-price/albendazole/albol-10ml.htm
Albol (400mg),https://www.medindia.net/drug-price/albendazole/albol-400mg.htm
Albol (400mg),https://www.medindia.net/drug-price/albendazole/albol-400mg.htm
Albol (400mg),https://www.medindia.net/drug-price/albendazole/albol-400mg.htm
Albom (10ml),https://www.medindia.net/drug-price/albendazole/albom-10ml.htm
Albom (400mg),https://www.medindia.net/drug-price/albendazole/albom-400mg.htm
Albond (400mg),https://www.medindia.net/drug-price/albendazole/albond-400mg.htm
Albonzol (400mg),https://www.medindia.net/drug-price/albendazole/albonzol-400mg.htm
Albosym (400mg),https://www.medindia.net/drug-price/albendazole/albosym-400mg.htm
Albosym IR,https://www.medindia.net/drug-price/albendazole/albosym-ir.htm
Alboven (10ml),https://www.medindia.net/drug-price/albendazole/alboven-10ml.htm
Alboven (400mg),https://www.medindia.net/drug-price/albendazole/alboven-400mg.htm
Albrodo (10ml),https://www.medindia.net/drug-price/albendazole/albrodo-10ml.htm
Albrodo (400mg),https://www.medindia.net/drug-price/albendazole/albrodo-400mg.htm
Albstat (10ml),https://www.medindia.net/drug-price/albendazole/albstat-10ml.htm
Albstat (400mg),https://www.medindia.net/drug-price/albendazole/albstat-400mg.htm
Alby (10ml),https://www.medindia.net/drug-price/albendazole/alby-10ml.htm
Aldazole (10ml),https://www.medindia.net/drug-price/albendazole/aldazole-10ml.htm
Aldazole (400mg),https://www.medindia.net/drug-price/albendazole/aldazole-400mg.htm
Alden (400mg),https://www.medindia.net/drug-price/albendazole/alden-400mg.htm
Aldezole (10ml),https://www.medindia.net/drug-price/albendazole/aldezole-10ml.htm
Aldezole (400mg) (Alde Medi),https://www.medindia.net/drug-price/albendazole/aldezole-400mg-alde-medi.htm
Aldo (10ml),https://www.medindia.net/drug-price/albendazole/aldo-10ml.htm
Aldo (400mg),https://www.medindia.net/drug-price/albendazole/aldo-400mg.htm
Aldor (400mg),https://www.medindia.net/drug-price/albendazole/aldor-400mg.htm
Aldosh (10ml),https://www.medindia.net/drug-price/albendazole/aldosh-10ml.htm
Aldosh (400mg),https://www.medindia.net/drug-price/albendazole/aldosh-400mg.htm
Alect (10ml),https://www.medindia.net/drug-price/albendazole/alect-10ml.htm
Alenda (400mg),https://www.medindia.net/drug-price/albendazole/alenda-400mg.htm
Alford I,https://www.medindia.net/drug-price/albendazole/alford-i.htm
Alforrd,https://www.medindia.net/drug-price/albendazole/alforrd.htm
Alged (400mg),https://www.medindia.net/drug-price/albendazole/alged-400mg.htm
Alinda (400mg),https://www.medindia.net/drug-price/albendazole/alinda-400mg.htm
Alio (400mg),https://www.medindia.net/drug-price/albendazole/alio-400mg.htm
Aliza (10ml),https://www.medindia.net/drug-price/albendazole/aliza-10ml.htm
Aliza (400mg),https://www.medindia.net/drug-price/albendazole/aliza-400mg.htm
Allen Z (400mg),https://www.medindia.net/drug-price/albendazole/allen-z-400mg.htm
Almet (400mg),https://www.medindia.net/drug-price/albendazole/almet-400mg.htm
Alminth (10ml),https://www.medindia.net/drug-price/albendazole/alminth-10ml.htm
Alminth (200mg),https://www.medindia.net/drug-price/albendazole/alminth-200mg.htm
Alminth (400mg),https://www.medindia.net/drug-price/albendazole/alminth-400mg.htm
Almix (10ml),https://www.medindia.net/drug-price/albendazole/almix-10ml.htm
Almix (400mg),https://www.medindia.net/drug-price/albendazole/almix-400mg.htm
Alnet (400mg),https://www.medindia.net/drug-price/albendazole/alnet-400mg.htm
Alone (400mg),https://www.medindia.net/drug-price/albendazole/alone-400mg.htm
Alrose (400mg),https://www.medindia.net/drug-price/albendazole/alrose-400mg.htm
Alson (10ml),https://www.medindia.net/drug-price/albendazole/alson-10ml.htm
Alson (400mg),https://www.medindia.net/drug-price/albendazole/alson-400mg.htm
Altec (400mg),https://www.medindia.net/drug-price/albendazole/altec-400mg.htm
Alto (200mg),https://www.medindia.net/drug-price/albendazole/alto-200mg.htm
Alto (400mg),https://www.medindia.net/drug-price/albendazole/alto-400mg.htm
Alvect,https://www.medindia.net/drug-price/albendazole/alvect.htm
Alvela (400mg),https://www.medindia.net/drug-price/albendazole/alvela-400mg.htm
Alwa (10ml),https://www.medindia.net/drug-price/albendazole/alwa-10ml.htm
Alwa (400mg),https://www.medindia.net/drug-price/albendazole/alwa-400mg.htm
Alwin (10ml),https://www.medindia.net/drug-price/albendazole/alwin-10ml.htm
Alwo (10ml),https://www.medindia.net/drug-price/albendazole/alwo-10ml.htm
Alwo (400mg),https://www.medindia.net/drug-price/albendazole/alwo-400mg.htm
Alworm (10ml),https://www.medindia.net/drug-price/albendazole/alworm-10ml.htm
Alworm (10ml) (Medopharma),https://www.medindia.net/drug-price/albendazole/alworm-10ml-medopharma.htm
Alworm (15ml),https://www.medindia.net/drug-price/albendazole/alworm-15ml.htm
Alworm (400mg),https://www.medindia.net/drug-price/albendazole/alworm-400mg.htm
Alworm (400mg) (Elite Pharma),https://www.medindia.net/drug-price/albendazole/alworm-400mg-elite-pharma.htm
Alworm (400mg) (Medopharm),https://www.medindia.net/drug-price/albendazole/alworm-400mg-medopharm.htm
Alzad (10ml),https://www.medindia.net/drug-price/albendazole/alzad-10ml.htm
Alzad (400mg),https://www.medindia.net/drug-price/albendazole/alzad-400mg.htm
Alzokan (400mg),https://www.medindia.net/drug-price/albendazole/alzokan-400mg.htm
Alzol (400mg),https://www.medindia.net/drug-price/albendazole/alzol-400mg.htm
Alzole (400mg),https://www.medindia.net/drug-price/albendazole/alzole-400mg.htm
Andazole (400mg),https://www.medindia.net/drug-price/albendazole/andazole-400mg.htm
Anoworm (10ml),https://www.medindia.net/drug-price/albendazole/anoworm-10ml.htm
Anoworm (400mg),https://www.medindia.net/drug-price/albendazole/anoworm-400mg.htm
Anthel (10ml),https://www.medindia.net/drug-price/albendazole/anthel-10ml.htm
Anthel (400mg),https://www.medindia.net/drug-price/albendazole/anthel-400mg.htm
Anthel (400mg) (Sanshis Pharma),https://www.medindia.net/drug-price/albendazole/anthel-400mg-sanshis-pharma.htm
Anthel UP,https://www.medindia.net/drug-price/albendazole/anthel-up.htm
Anthel UP Susp,https://www.medindia.net/drug-price/albendazole/anthel-up-susp.htm
Antiworm (10ml),https://www.medindia.net/drug-price/albendazole/antiworm-10ml.htm
Antiworm (400mg),https://www.medindia.net/drug-price/albendazole/antiworm-400mg.htm
Arezole 400,https://www.medindia.net/drug-price/albendazole/arezole-400.htm
Ariban (10ml),https://www.medindia.net/drug-price/albendazole/ariban-10ml.htm
Ariban (400mg),https://www.medindia.net/drug-price/albendazole/ariban-400mg.htm
Ariban Plus,https://www.medindia.net/drug-price/albendazole/ariban-plus.htm
Arodac (400mg),https://www.medindia.net/drug-price/albendazole/arodac-400mg.htm
Ascapil A DT,https://www.medindia.net/drug-price/albendazole/ascapil-a-dt.htm
Ascapil-A (5mg/200mg),https://www.medindia.net/drug-price/albendazole/ascapil-a-5mg-200mg.htm
Askabend (10ml),https://www.medindia.net/drug-price/albendazole/askabend-10ml.htm
Askabend (400mg),https://www.medindia.net/drug-price/albendazole/askabend-400mg.htm
Askaworm (10ml),https://www.medindia.net/drug-price/albendazole/askaworm-10ml.htm
Askaworm (400mg),https://www.medindia.net/drug-price/albendazole/askaworm-400mg.htm
Atbend (10ml),https://www.medindia.net/drug-price/albendazole/atbend-10ml.htm
Atbend (400mg),https://www.medindia.net/drug-price/albendazole/atbend-400mg.htm
Averm Plus,https://www.medindia.net/drug-price/albendazole/averm-plus.htm
Aviband (10ml),https://www.medindia.net/drug-price/albendazole/aviband-10ml.htm
Aviband (400mg),https://www.medindia.net/drug-price/albendazole/aviband-400mg.htm
Aviben (400mg),https://www.medindia.net/drug-price/albendazole/aviben-400mg.htm
Avizole (15ml),https://www.medindia.net/drug-price/albendazole/avizole-15ml.htm
AX Worm (10ml),https://www.medindia.net/drug-price/albendazole/ax-worm-10ml.htm
AX Worm (400mg),https://www.medindia.net/drug-price/albendazole/ax-worm-400mg.htm
AZ Plus,https://www.medindia.net/drug-price/albendazole/az-plus.htm
B Zed (400mg),https://www.medindia.net/drug-price/albendazole/b-zed-400mg.htm
B -Zed Plus,https://www.medindia.net/drug-price/albendazole/b-zed-plus.htm
Banazole (10ml),https://www.medindia.net/drug-price/albendazole/banazole-10ml.htm
Banazole (400mg),https://www.medindia.net/drug-price/albendazole/banazole-400mg.htm
Band (400mg),https://www.medindia.net/drug-price/albendazole/band-400mg.htm
Band (400mg),https://www.medindia.net/drug-price/albendazole/band-400mg.htm
Bandy (10ml),https://www.medindia.net/drug-price/albendazole/bandy-10ml.htm
Bandy (200mg/5mL),https://www.medindia.net/drug-price/albendazole/bandy-200mg-5ml.htm
Bandy (400mg),https://www.medindia.net/drug-price/albendazole/bandy-400mg.htm
Bandy (400mg),https://www.medindia.net/drug-price/albendazole/bandy-400mg.htm
Bandy Plus,https://www.medindia.net/drug-price/albendazole/bandy-plus.htm
Bandy Plus  (200mg/1.5mg/5mL),https://www.medindia.net/drug-price/albendazole/bandy-plus-200mg-1-5mg-5ml.htm
Bandy Plus  (400mg/12mg),https://www.medindia.net/drug-price/albendazole/bandy-plus-400mg-12mg.htm
Bandy Plus  (400mg/6mg),https://www.medindia.net/drug-price/albendazole/bandy-plus-400mg-6mg.htm
Banex (400mg),https://www.medindia.net/drug-price/albendazole/banex-400mg.htm
Banworm (10ml),https://www.medindia.net/drug-price/albendazole/banworm-10ml.htm
Banworm (400mg),https://www.medindia.net/drug-price/albendazole/banworm-400mg.htm
Ben (10ml),https://www.medindia.net/drug-price/albendazole/ben-10ml.htm
Ben (400mg),https://www.medindia.net/drug-price/albendazole/ben-400mg.htm
Bencare (400mg),https://www.medindia.net/drug-price/albendazole/bencare-400mg.htm
Bend (100ml),https://www.medindia.net/drug-price/albendazole/bend-100ml.htm
Bend (400mg),https://www.medindia.net/drug-price/albendazole/bend-400mg.htm
Bendacid (10ml),https://www.medindia.net/drug-price/albendazole/bendacid-10ml.htm
Bendacid (400mg),https://www.medindia.net/drug-price/albendazole/bendacid-400mg.htm
Bendal (10ml),https://www.medindia.net/drug-price/albendazole/bendal-10ml.htm
Bendal (400mg),https://www.medindia.net/drug-price/albendazole/bendal-400mg.htm
Bendaz (10ml),https://www.medindia.net/drug-price/albendazole/bendaz-10ml.htm
Bendex (10ml),https://www.medindia.net/drug-price/albendazole/bendex-10ml.htm
Bendex (200mg/5mL),https://www.medindia.net/drug-price/albendazole/bendex-200mg-5ml.htm
Bendex (400mg),https://www.medindia.net/drug-price/albendazole/bendex-400mg.htm
Bendex (400mg),https://www.medindia.net/drug-price/albendazole/bendex-400mg.htm
Bendup (10ml),https://www.medindia.net/drug-price/albendazole/bendup-10ml.htm
Bendup (400mg),https://www.medindia.net/drug-price/albendazole/bendup-400mg.htm
Benex Plus (6mg/400mg),https://www.medindia.net/drug-price/albendazole/benex-plus-6mg-400mg.htm
Benil (1500mg),https://www.medindia.net/drug-price/albendazole/benil-1500mg.htm
Benkem (10ml),https://www.medindia.net/drug-price/albendazole/benkem-10ml.htm
Benkem (400mg),https://www.medindia.net/drug-price/albendazole/benkem-400mg.htm
Benle (400mg),https://www.medindia.net/drug-price/albendazole/benle-400mg.htm
Benmax (10ml),https://www.medindia.net/drug-price/albendazole/benmax-10ml.htm
Benmax (400mg),https://www.medindia.net/drug-price/albendazole/benmax-400mg.htm
Benrik (400mg),https://www.medindia.net/drug-price/albendazole/benrik-400mg.htm
Benrod (10ml),https://www.medindia.net/drug-price/albendazole/benrod-10ml.htm
Benrod (200mg/5mL),https://www.medindia.net/drug-price/albendazole/benrod-200mg-5ml.htm
Benrod (400mg),https://www.medindia.net/drug-price/albendazole/benrod-400mg.htm
Benrod (400mg),https://www.medindia.net/drug-price/albendazole/benrod-400mg.htm
Benrod I,https://www.medindia.net/drug-price/albendazole/benrod-i.htm
Benrod-I (6mg/400mg),https://www.medindia.net/drug-price/albendazole/benrod-i-6mg-400mg.htm
Benty (400mg),https://www.medindia.net/drug-price/albendazole/benty-400mg.htm
Benzo (10ml),https://www.medindia.net/drug-price/albendazole/benzo-10ml.htm
Benzo (400mg),https://www.medindia.net/drug-price/albendazole/benzo-400mg.htm
Benzol (10ml),https://www.medindia.net/drug-price/albendazole/benzol-10ml.htm
Benzola (10ml),https://www.medindia.net/drug-price/albendazole/benzola-10ml.htm
Benzola (400mg),https://www.medindia.net/drug-price/albendazole/benzola-400mg.htm
Benzole (15ml),https://www.medindia.net/drug-price/albendazole/benzole-15ml.htm
Benzole (6mg),https://www.medindia.net/drug-price/albendazole/benzole-6mg.htm
Benzys (10ml),https://www.medindia.net/drug-price/albendazole/benzys-10ml.htm
Benzys (400mg),https://www.medindia.net/drug-price/albendazole/benzys-400mg.htm
Beworm (10ml),https://www.medindia.net/drug-price/albendazole/beworm-10ml.htm
Bewormex (10ml),https://www.medindia.net/drug-price/albendazole/bewormex-10ml.htm
Bewormex (400mg),https://www.medindia.net/drug-price/albendazole/bewormex-400mg.htm
Bigben (400mg),https://www.medindia.net/drug-price/albendazole/bigben-400mg.htm
Biwom (10ml),https://www.medindia.net/drug-price/albendazole/biwom-10ml.htm
Biwom (200mg/5mL),https://www.medindia.net/drug-price/albendazole/biwom-200mg-5ml.htm
Biwom (400mg),https://www.medindia.net/drug-price/albendazole/biwom-400mg.htm
Biwom (400mg),https://www.medindia.net/drug-price/albendazole/biwom-400mg.htm
Biz (400mg),https://www.medindia.net/drug-price/albendazole/biz-400mg.htm
Brosa (400mg),https://www.medindia.net/drug-price/albendazole/brosa-400mg.htm
Byeworm (400mg),https://www.medindia.net/drug-price/albendazole/byeworm-400mg.htm
C Bend (10ml),https://www.medindia.net/drug-price/albendazole/c-bend-10ml.htm
C Bend (400mg),https://www.medindia.net/drug-price/albendazole/c-bend-400mg.htm
C Trop (10ml),https://www.medindia.net/drug-price/albendazole/c-trop-10ml.htm
C Trop (400mg),https://www.medindia.net/drug-price/albendazole/c-trop-400mg.htm
Captiva (400mg),https://www.medindia.net/drug-price/albendazole/captiva-400mg.htm
Cidazole (10ml),https://www.medindia.net/drug-price/albendazole/cidazole-10ml.htm
Cidazole (200mg/5mL),https://www.medindia.net/drug-price/albendazole/cidazole-200mg-5ml.htm
Cidazole (400mg),https://www.medindia.net/drug-price/albendazole/cidazole-400mg.htm
Cidazole (400mg),https://www.medindia.net/drug-price/albendazole/cidazole-400mg.htm
Cinel (10ml),https://www.medindia.net/drug-price/albendazole/cinel-10ml.htm
Cinel (400mg),https://www.medindia.net/drug-price/albendazole/cinel-400mg.htm
Clearworm (10ml),https://www.medindia.net/drug-price/albendazole/clearworm-10ml.htm
Clearworm (200mg),https://www.medindia.net/drug-price/albendazole/clearworm-200mg.htm
Combantrin A (10ml),https://www.medindia.net/drug-price/albendazole/combantrin-a-10ml.htm
Combantrin A (400mg),https://www.medindia.net/drug-price/albendazole/combantrin-a-400mg.htm
Combiworm (400mg),https://www.medindia.net/drug-price/albendazole/combiworm-400mg.htm
Cosaben (400mg),https://www.medindia.net/drug-price/albendazole/cosaben-400mg.htm
Curezole (400mg),https://www.medindia.net/drug-price/albendazole/curezole-400mg.htm
D Worm (10ml),https://www.medindia.net/drug-price/albendazole/d-worm-10ml.htm
Dabdesyre (400mg),https://www.medindia.net/drug-price/albendazole/dabdesyre-400mg.htm
Dandesure (400mg),https://www.medindia.net/drug-price/albendazole/dandesure-400mg.htm
Daz (400mg),https://www.medindia.net/drug-price/albendazole/daz-400mg.htm
Dazo (400mg),https://www.medindia.net/drug-price/albendazole/dazo-400mg.htm
Dazole (400mg),https://www.medindia.net/drug-price/albendazole/dazole-400mg.htm
Debar (400mg),https://www.medindia.net/drug-price/albendazole/debar-400mg.htm
Dispel (10ml),https://www.medindia.net/drug-price/albendazole/dispel-10ml.htm
Dispel (200mg/5mL),https://www.medindia.net/drug-price/albendazole/dispel-200mg-5ml.htm
Dispel (400mg),https://www.medindia.net/drug-price/albendazole/dispel-400mg.htm
Dispel Chewable (400mg),https://www.medindia.net/drug-price/albendazole/dispel-chewable-400mg.htm
Diworm (400mg),https://www.medindia.net/drug-price/albendazole/diworm-400mg.htm
Dworm (400mg),https://www.medindia.net/drug-price/albendazole/dworm-400mg.htm
E Warm (400mg),https://www.medindia.net/drug-price/albendazole/e-warm-400mg.htm
E Worm (400mg),https://www.medindia.net/drug-price/albendazole/e-worm-400mg.htm
Easworm (400mg),https://www.medindia.net/drug-price/albendazole/easworm-400mg.htm
Ebend (400mg),https://www.medindia.net/drug-price/albendazole/ebend-400mg.htm
Ebex (10ml),https://www.medindia.net/drug-price/albendazole/ebex-10ml.htm
Ebex (200mg),https://www.medindia.net/drug-price/albendazole/ebex-200mg.htm
Ebex (400mg),https://www.medindia.net/drug-price/albendazole/ebex-400mg.htm
Ebex (400mg),https://www.medindia.net/drug-price/albendazole/ebex-400mg.htm
Ecsital,https://www.medindia.net/drug-price/albendazole/ecsital.htm
Ectin -A,https://www.medindia.net/drug-price/albendazole/ectin-a.htm
Ejec Worm (10ml),https://www.medindia.net/drug-price/albendazole/ejec-worm-10ml.htm
Ejec Worm (400mg),https://www.medindia.net/drug-price/albendazole/ejec-worm-400mg.htm
Ejectil (400mg),https://www.medindia.net/drug-price/albendazole/ejectil-400mg.htm
Ejectil P (200mg),https://www.medindia.net/drug-price/albendazole/ejectil-p-200mg.htm
Elbazol (10ml),https://www.medindia.net/drug-price/albendazole/elbazol-10ml.htm
Elbend (10ml),https://www.medindia.net/drug-price/albendazole/elbend-10ml.htm
Elbend (400mg),https://www.medindia.net/drug-price/albendazole/elbend-400mg.htm
Elbenol (10ml),https://www.medindia.net/drug-price/albendazole/elbenol-10ml.htm
Eleben (10ml),https://www.medindia.net/drug-price/albendazole/eleben-10ml.htm
Eleben (400mg),https://www.medindia.net/drug-price/albendazole/eleben-400mg.htm
Elect A,https://www.medindia.net/drug-price/albendazole/elect-a.htm
Elminex (10ml),https://www.medindia.net/drug-price/albendazole/elminex-10ml.htm
Elminex (400mg),https://www.medindia.net/drug-price/albendazole/elminex-400mg.htm
Elminova (10ml),https://www.medindia.net/drug-price/albendazole/elminova-10ml.htm
Elminova (400mg),https://www.medindia.net/drug-price/albendazole/elminova-400mg.htm
Emanthal (10ml),https://www.medindia.net/drug-price/albendazole/emanthal-10ml.htm
Emanthal (400mg),https://www.medindia.net/drug-price/albendazole/emanthal-400mg.htm
Emiben (10ml),https://www.medindia.net/drug-price/albendazole/emiben-10ml.htm
Emiben (400mg),https://www.medindia.net/drug-price/albendazole/emiben-400mg.htm
Emzole (10ml),https://www.medindia.net/drug-price/albendazole/emzole-10ml.htm
Enbenol (400mg),https://www.medindia.net/drug-price/albendazole/enbenol-400mg.htm
Encenil (10ml),https://www.medindia.net/drug-price/albendazole/encenil-10ml.htm
Encenil (400mg),https://www.medindia.net/drug-price/albendazole/encenil-400mg.htm
Endazole (400mg),https://www.medindia.net/drug-price/albendazole/endazole-400mg.htm
Endy (400mg),https://www.medindia.net/drug-price/albendazole/endy-400mg.htm
Eraworm (10ml),https://www.medindia.net/drug-price/albendazole/eraworm-10ml.htm
Eraworm (400mg),https://www.medindia.net/drug-price/albendazole/eraworm-400mg.htm
Evrina -A,https://www.medindia.net/drug-price/albendazole/evrina-a.htm
Evrina -A (30 ml),https://www.medindia.net/drug-price/albendazole/evrina-a-30-ml.htm
Exporm (10ml),https://www.medindia.net/drug-price/albendazole/exporm-10ml.htm
Exporm (400mg),https://www.medindia.net/drug-price/albendazole/exporm-400mg.htm
Exzol (400mg),https://www.medindia.net/drug-price/albendazole/exzol-400mg.htm
Fentel (400mg),https://www.medindia.net/drug-price/albendazole/fentel-400mg.htm
Foben (10ml),https://www.medindia.net/drug-price/albendazole/foben-10ml.htm
Foben (400mg),https://www.medindia.net/drug-price/albendazole/foben-400mg.htm
Foxnill (400mg),https://www.medindia.net/drug-price/albendazole/foxnill-400mg.htm
Fozy (400mg),https://www.medindia.net/drug-price/albendazole/fozy-400mg.htm
Fozy Chew Tab (400mg),https://www.medindia.net/drug-price/albendazole/fozy-chew-tab-400mg.htm
Gallab (400mg),https://www.medindia.net/drug-price/albendazole/gallab-400mg.htm
Gekare (10ml),https://www.medindia.net/drug-price/albendazole/gekare-10ml.htm
Gekare (200mg/5mL),https://www.medindia.net/drug-price/albendazole/gekare-200mg-5ml.htm
Gekare (400mg),https://www.medindia.net/drug-price/albendazole/gekare-400mg.htm
Gekare (400mg),https://www.medindia.net/drug-price/albendazole/gekare-400mg.htm
Gibend (400mg),https://www.medindia.net/drug-price/albendazole/gibend-400mg.htm
Gloworm (400mg),https://www.medindia.net/drug-price/albendazole/gloworm-400mg.htm
Halb (400mg),https://www.medindia.net/drug-price/albendazole/halb-400mg.htm
Helben (100ml),https://www.medindia.net/drug-price/albendazole/helben-100ml.htm
Helben (400mg),https://www.medindia.net/drug-price/albendazole/helben-400mg.htm
Helmanil (400mg),https://www.medindia.net/drug-price/albendazole/helmanil-400mg.htm
Helmapax (400mg),https://www.medindia.net/drug-price/albendazole/helmapax-400mg.htm
Helmax (400mg),https://www.medindia.net/drug-price/albendazole/helmax-400mg.htm
Helmex (400mg),https://www.medindia.net/drug-price/albendazole/helmex-400mg.htm
Helnil (10ml),https://www.medindia.net/drug-price/albendazole/helnil-10ml.htm
HG ZOLE,https://www.medindia.net/drug-price/albendazole/hg-zole.htm
Hibend (10ml),https://www.medindia.net/drug-price/albendazole/hibend-10ml.htm
Hibend (400mg),https://www.medindia.net/drug-price/albendazole/hibend-400mg.htm
Himobendazole (10ml),https://www.medindia.net/drug-price/albendazole/himobendazole-10ml.htm
Hizol (10ml),https://www.medindia.net/drug-price/albendazole/hizol-10ml.htm
Hizol (400mg),https://www.medindia.net/drug-price/albendazole/hizol-400mg.htm
Hymin (10ml),https://www.medindia.net/drug-price/albendazole/hymin-10ml.htm
Hymin (400mg),https://www.medindia.net/drug-price/albendazole/hymin-400mg.htm
Hymin (400mg),https://www.medindia.net/drug-price/albendazole/hymin-400mg.htm
Hymin (400mg/5mL),https://www.medindia.net/drug-price/albendazole/hymin-400mg-5ml.htm
Hymin Plus,https://www.medindia.net/drug-price/albendazole/hymin-plus.htm
Hymin Plus (200mg/1.5mg/5mL),https://www.medindia.net/drug-price/albendazole/hymin-plus-200mg-1-5mg-5ml.htm
Hymin Plus (6mg/400mg),https://www.medindia.net/drug-price/albendazole/hymin-plus-6mg-400mg.htm
Hyzole (400mg),https://www.medindia.net/drug-price/albendazole/hyzole-400mg.htm
Imectin Forte,https://www.medindia.net/drug-price/albendazole/imectin-forte.htm
Isco Plus,https://www.medindia.net/drug-price/albendazole/isco-plus.htm
Ivecop -AB,https://www.medindia.net/drug-price/albendazole/ivecop-ab.htm
Iver Myoz,https://www.medindia.net/drug-price/albendazole/iver-myoz.htm
Iver Myoz (10 ml),https://www.medindia.net/drug-price/albendazole/iver-myoz-10-ml.htm
Ivercross-A12 (12mg/400mg),https://www.medindia.net/drug-price/albendazole/ivercross-a12-12mg-400mg.htm
Iverkem A,https://www.medindia.net/drug-price/albendazole/iverkem-a.htm
Iverkem A Tab,https://www.medindia.net/drug-price/albendazole/iverkem-a-tab.htm
Ivermect-A (12mg/400mg),https://www.medindia.net/drug-price/albendazole/ivermect-a-12mg-400mg.htm
Iverzole,https://www.medindia.net/drug-price/albendazole/iverzole.htm
K Bex (400mg),https://www.medindia.net/drug-price/albendazole/k-bex-400mg.htm
Kealworm (400mg),https://www.medindia.net/drug-price/albendazole/kealworm-400mg.htm
Keedu IR,https://www.medindia.net/drug-price/albendazole/keedu-ir.htm
Kexorm (10ml),https://www.medindia.net/drug-price/albendazole/kexorm-10ml.htm
Kickworm (10ml),https://www.medindia.net/drug-price/albendazole/kickworm-10ml.htm
Kidazol (10ml),https://www.medindia.net/drug-price/albendazole/kidazol-10ml.htm
Kidazol (400mg),https://www.medindia.net/drug-price/albendazole/kidazol-400mg.htm
Kidi (10ml),https://www.medindia.net/drug-price/albendazole/kidi-10ml.htm
Kidi (400mg),https://www.medindia.net/drug-price/albendazole/kidi-400mg.htm
Kil (400mg),https://www.medindia.net/drug-price/albendazole/kil-400mg.htm
Kinzol (400mg),https://www.medindia.net/drug-price/albendazole/kinzol-400mg.htm
Kinzol IR,https://www.medindia.net/drug-price/albendazole/kinzol-ir.htm
Kiraja (400mg),https://www.medindia.net/drug-price/albendazole/kiraja-400mg.htm
Kiraza (10ml),https://www.medindia.net/drug-price/albendazole/kiraza-10ml.htm
Kiraza (400mg),https://www.medindia.net/drug-price/albendazole/kiraza-400mg.htm
Kitnil (400mg),https://www.medindia.net/drug-price/albendazole/kitnil-400mg.htm
Lezole (400mg),https://www.medindia.net/drug-price/albendazole/lezole-400mg.htm
Low (200mg),https://www.medindia.net/drug-price/albendazole/low-200mg.htm
Low (400mg),https://www.medindia.net/drug-price/albendazole/low-400mg.htm
Lupibend (10ml),https://www.medindia.net/drug-price/albendazole/lupibend-10ml.htm
Lupibend (400mg),https://www.medindia.net/drug-price/albendazole/lupibend-400mg.htm
Lupiworm (10mL),https://www.medindia.net/drug-price/albendazole/lupiworm-10ml.htm
M Benda (10ml),https://www.medindia.net/drug-price/albendazole/m-benda-10ml.htm
Mbend (10ml),https://www.medindia.net/drug-price/albendazole/mbend-10ml.htm
Mbend (400mg),https://www.medindia.net/drug-price/albendazole/mbend-400mg.htm
Meban (10ml),https://www.medindia.net/drug-price/albendazole/meban-10ml.htm
Meban (400mg),https://www.medindia.net/drug-price/albendazole/meban-400mg.htm
Mebzol (400mg),https://www.medindia.net/drug-price/albendazole/mebzol-400mg.htm
Meczol (400mg),https://www.medindia.net/drug-price/albendazole/meczol-400mg.htm
Meriben,https://www.medindia.net/drug-price/albendazole/meriben.htm
Merimin (400mg),https://www.medindia.net/drug-price/albendazole/merimin-400mg.htm
Metalben (10ml),https://www.medindia.net/drug-price/albendazole/metalben-10ml.htm
Midazole,https://www.medindia.net/drug-price/albendazole/midazole.htm
Milibend (10ml),https://www.medindia.net/drug-price/albendazole/milibend-10ml.htm
Milibend (400mg),https://www.medindia.net/drug-price/albendazole/milibend-400mg.htm
Monoworm (400mg),https://www.medindia.net/drug-price/albendazole/monoworm-400mg.htm
Morband (10ml),https://www.medindia.net/drug-price/albendazole/morband-10ml.htm
Morband (400mg),https://www.medindia.net/drug-price/albendazole/morband-400mg.htm
Morezole (400mg),https://www.medindia.net/drug-price/albendazole/morezole-400mg.htm
N Ford (400mg),https://www.medindia.net/drug-price/albendazole/n-ford-400mg.htm
Nbworm (10ml),https://www.medindia.net/drug-price/albendazole/nbworm-10ml.htm
Nbworm (400mg),https://www.medindia.net/drug-price/albendazole/nbworm-400mg.htm
Nemaban (10ml),https://www.medindia.net/drug-price/albendazole/nemaban-10ml.htm
Nemaban (400mg),https://www.medindia.net/drug-price/albendazole/nemaban-400mg.htm
Nemacys (10ml),https://www.medindia.net/drug-price/albendazole/nemacys-10ml.htm
Nemofex (10ml),https://www.medindia.net/drug-price/albendazole/nemofex-10ml.htm
Nemofex (chewable) (400mg),https://www.medindia.net/drug-price/albendazole/nemofex-chewable-400mg.htm
Nemozole (10ml),https://www.medindia.net/drug-price/albendazole/nemozole-10ml.htm
Nemozole (200mg/5mL),https://www.medindia.net/drug-price/albendazole/nemozole-200mg-5ml.htm
Nemozole (400mg),https://www.medindia.net/drug-price/albendazole/nemozole-400mg.htm
Nemozole (400mg),https://www.medindia.net/drug-price/albendazole/nemozole-400mg.htm
Nemtel (400mg),https://www.medindia.net/drug-price/albendazole/nemtel-400mg.htm
Networm,https://www.medindia.net/drug-price/albendazole/networm.htm
Networm (10ml),https://www.medindia.net/drug-price/albendazole/networm-10ml.htm
Networm DS,https://www.medindia.net/drug-price/albendazole/networm-ds.htm
Neurozole (400mg),https://www.medindia.net/drug-price/albendazole/neurozole-400mg.htm
Nibend (400mg),https://www.medindia.net/drug-price/albendazole/nibend-400mg.htm
Nikal (10ml),https://www.medindia.net/drug-price/albendazole/nikal-10ml.htm
Nikal (400mg),https://www.medindia.net/drug-price/albendazole/nikal-400mg.htm
Nilbye (10ml),https://www.medindia.net/drug-price/albendazole/nilbye-10ml.htm
Nilbye (400mg),https://www.medindia.net/drug-price/albendazole/nilbye-400mg.htm
Nilworm (400mg),https://www.medindia.net/drug-price/albendazole/nilworm-400mg.htm
No Entry (400mg),https://www.medindia.net/drug-price/albendazole/no-entry-400mg.htm
Noentry (10ml),https://www.medindia.net/drug-price/albendazole/noentry-10ml.htm
Noentry (400mg),https://www.medindia.net/drug-price/albendazole/noentry-400mg.htm
Notel (10ml),https://www.medindia.net/drug-price/albendazole/notel-10ml.htm
Notel (400mg),https://www.medindia.net/drug-price/albendazole/notel-400mg.htm
Noworm (10ml),https://www.medindia.net/drug-price/albendazole/noworm-10ml.htm
Noworm (200mg/5mL),https://www.medindia.net/drug-price/albendazole/noworm-200mg-5ml.htm
Noworm (400mg),https://www.medindia.net/drug-price/albendazole/noworm-400mg.htm
Noworm (400mg),https://www.medindia.net/drug-price/albendazole/noworm-400mg.htm
Nubend (10ml),https://www.medindia.net/drug-price/albendazole/nubend-10ml.htm
Nubend (400mg),https://www.medindia.net/drug-price/albendazole/nubend-400mg.htm
Odal (10ml),https://www.medindia.net/drug-price/albendazole/odal-10ml.htm
Odal (400mg),https://www.medindia.net/drug-price/albendazole/odal-400mg.htm
Ofbend (10ml),https://www.medindia.net/drug-price/albendazole/ofbend-10ml.htm
Ofbend (400mg),https://www.medindia.net/drug-price/albendazole/ofbend-400mg.htm
Olban (10ml),https://www.medindia.net/drug-price/albendazole/olban-10ml.htm
Olban (400mg),https://www.medindia.net/drug-price/albendazole/olban-400mg.htm
Olpar (400mg),https://www.medindia.net/drug-price/albendazole/olpar-400mg.htm
Olworm (10ml),https://www.medindia.net/drug-price/albendazole/olworm-10ml.htm
Olworm (400mg),https://www.medindia.net/drug-price/albendazole/olworm-400mg.htm
Omnitel (10ml),https://www.medindia.net/drug-price/albendazole/omnitel-10ml.htm
Omnitel (400mg),https://www.medindia.net/drug-price/albendazole/omnitel-400mg.htm
One T (400mg),https://www.medindia.net/drug-price/albendazole/one-t-400mg.htm
Orbil (200mg),https://www.medindia.net/drug-price/albendazole/orbil-200mg.htm
Orbil (400mg),https://www.medindia.net/drug-price/albendazole/orbil-400mg.htm
Ornabend (400mg),https://www.medindia.net/drug-price/albendazole/ornabend-400mg.htm
Ortel (10ml),https://www.medindia.net/drug-price/albendazole/ortel-10ml.htm
Oseben (10ml),https://www.medindia.net/drug-price/albendazole/oseben-10ml.htm
Oseben (400mg),https://www.medindia.net/drug-price/albendazole/oseben-400mg.htm
Out (10ml),https://www.medindia.net/drug-price/albendazole/out-10ml.htm
Out (400mg),https://www.medindia.net/drug-price/albendazole/out-400mg.htm
P Worm (10ml),https://www.medindia.net/drug-price/albendazole/p-worm-10ml.htm
P Worm (400mg),https://www.medindia.net/drug-price/albendazole/p-worm-400mg.htm
Panamint (10ml),https://www.medindia.net/drug-price/albendazole/panamint-10ml.htm
Panamint (400mg),https://www.medindia.net/drug-price/albendazole/panamint-400mg.htm
Papa A (10ml),https://www.medindia.net/drug-price/albendazole/papa-a-10ml.htm
Pedazole (400mg),https://www.medindia.net/drug-price/albendazole/pedazole-400mg.htm
Pentanil (400mg),https://www.medindia.net/drug-price/albendazole/pentanil-400mg.htm
Priworm (10ml),https://www.medindia.net/drug-price/albendazole/priworm-10ml.htm
Priworm (400mg),https://www.medindia.net/drug-price/albendazole/priworm-400mg.htm
Q Anzol (10ml),https://www.medindia.net/drug-price/albendazole/q-anzol-10ml.htm
Q Anzol (400mg),https://www.medindia.net/drug-price/albendazole/q-anzol-400mg.htm
Quitz (400mg),https://www.medindia.net/drug-price/albendazole/quitz-400mg.htm
R Ben (10ml),https://www.medindia.net/drug-price/albendazole/r-ben-10ml.htm
Rambend (10ml),https://www.medindia.net/drug-price/albendazole/rambend-10ml.htm
Rambend (400mg),https://www.medindia.net/drug-price/albendazole/rambend-400mg.htm
Raxban (10ml),https://www.medindia.net/drug-price/albendazole/raxban-10ml.htm
Rayband (10ml),https://www.medindia.net/drug-price/albendazole/rayband-10ml.htm
Rayband (400mg),https://www.medindia.net/drug-price/albendazole/rayband-400mg.htm
Reben (400mg),https://www.medindia.net/drug-price/albendazole/reben-400mg.htm
Rebend (400mg),https://www.medindia.net/drug-price/albendazole/rebend-400mg.htm
Rediout (10ml),https://www.medindia.net/drug-price/albendazole/rediout-10ml.htm
Rediout (400mg),https://www.medindia.net/drug-price/albendazole/rediout-400mg.htm
Rediout (400mg),https://www.medindia.net/drug-price/albendazole/rediout-400mg.htm
Rediout (400mg),https://www.medindia.net/drug-price/albendazole/rediout-400mg.htm
Rediout (400mg/5mL),https://www.medindia.net/drug-price/albendazole/rediout-400mg-5ml.htm
Reliben (400mg),https://www.medindia.net/drug-price/albendazole/reliben-400mg.htm
Remowor,https://www.medindia.net/drug-price/albendazole/remowor.htm
Rezol (400mg),https://www.medindia.net/drug-price/albendazole/rezol-400mg.htm
Rid (10ml),https://www.medindia.net/drug-price/albendazole/rid-10ml.htm
Rid (400mg),https://www.medindia.net/drug-price/albendazole/rid-400mg.htm
SAF A (400mg),https://www.medindia.net/drug-price/albendazole/saf-a-400mg.htm
Salben (10ml),https://www.medindia.net/drug-price/albendazole/salben-10ml.htm
Salben (400mg),https://www.medindia.net/drug-price/albendazole/salben-400mg.htm
Santil (15ml),https://www.medindia.net/drug-price/albendazole/santil-15ml.htm
Santil (400mg),https://www.medindia.net/drug-price/albendazole/santil-400mg.htm
Sanzol (400mg),https://www.medindia.net/drug-price/albendazole/sanzol-400mg.htm
Sarazol (10ml),https://www.medindia.net/drug-price/albendazole/sarazol-10ml.htm
Sarazol (400mg),https://www.medindia.net/drug-price/albendazole/sarazol-400mg.htm
Sayobend (10ml),https://www.medindia.net/drug-price/albendazole/sayobend-10ml.htm
Scavista 3A DT,https://www.medindia.net/drug-price/albendazole/scavista-3a-dt.htm
Scavista 6A,https://www.medindia.net/drug-price/albendazole/scavista-6a.htm
Sebend (400mg),https://www.medindia.net/drug-price/albendazole/sebend-400mg.htm
Sennazole (400mg),https://www.medindia.net/drug-price/albendazole/sennazole-400mg.htm
Seriworm (10ml),https://www.medindia.net/drug-price/albendazole/seriworm-10ml.htm
Seriworm (400mg),https://www.medindia.net/drug-price/albendazole/seriworm-400mg.htm
Shazole (10ml),https://www.medindia.net/drug-price/albendazole/shazole-10ml.htm
Shazole (400mg),https://www.medindia.net/drug-price/albendazole/shazole-400mg.htm
Siabend (10ml),https://www.medindia.net/drug-price/albendazole/siabend-10ml.htm
Sidose (400mg),https://www.medindia.net/drug-price/albendazole/sidose-400mg.htm
Single A (400mg),https://www.medindia.net/drug-price/albendazole/single-a-400mg.htm
Single P (10ml),https://www.medindia.net/drug-price/albendazole/single-p-10ml.htm
Sioban (10ml),https://www.medindia.net/drug-price/albendazole/sioban-10ml.htm
Sioban (400mg),https://www.medindia.net/drug-price/albendazole/sioban-400mg.htm
SL (10ml),https://www.medindia.net/drug-price/albendazole/sl-10ml.htm
SL 400 (400mg),https://www.medindia.net/drug-price/albendazole/sl-400-400mg.htm
Slimect (400mg/6mg),https://www.medindia.net/drug-price/albendazole/slimect-400mg-6mg.htm
Sona (400mg),https://www.medindia.net/drug-price/albendazole/sona-400mg.htm
Sovibend (400mg),https://www.medindia.net/drug-price/albendazole/sovibend-400mg.htm
Sozibendal (400mg),https://www.medindia.net/drug-price/albendazole/sozibendal-400mg.htm
Sumuth (400mg),https://www.medindia.net/drug-price/albendazole/sumuth-400mg.htm
Sworm (400mg),https://www.medindia.net/drug-price/albendazole/sworm-400mg.htm
Symbend (10ml),https://www.medindia.net/drug-price/albendazole/symbend-10ml.htm
Symbend (400mg),https://www.medindia.net/drug-price/albendazole/symbend-400mg.htm
Symbend -IR,https://www.medindia.net/drug-price/albendazole/symbend-ir.htm
Tagazole (10ml),https://www.medindia.net/drug-price/albendazole/tagazole-10ml.htm
Tagazole (400mg),https://www.medindia.net/drug-price/albendazole/tagazole-400mg.htm
Taur Worm (10ml),https://www.medindia.net/drug-price/albendazole/taur-worm-10ml.htm
Taurworm (10ml),https://www.medindia.net/drug-price/albendazole/taurworm-10ml.htm
Taurworm (400mg),https://www.medindia.net/drug-price/albendazole/taurworm-400mg.htm
Taworm (400mg),https://www.medindia.net/drug-price/albendazole/taworm-400mg.htm
Teezbend (10ml),https://www.medindia.net/drug-price/albendazole/teezbend-10ml.htm
Teezbend (400mg),https://www.medindia.net/drug-price/albendazole/teezbend-400mg.htm
Tel (400mg),https://www.medindia.net/drug-price/albendazole/tel-400mg.htm
Thelmin (10ml),https://www.medindia.net/drug-price/albendazole/thelmin-10ml.htm
Thelmin (400mg),https://www.medindia.net/drug-price/albendazole/thelmin-400mg.htm
Tikworm (10ml),https://www.medindia.net/drug-price/albendazole/tikworm-10ml.htm
Tikworm (400mg),https://www.medindia.net/drug-price/albendazole/tikworm-400mg.htm
Tiobend (10ml),https://www.medindia.net/drug-price/albendazole/tiobend-10ml.htm
Tiobend (400mg),https://www.medindia.net/drug-price/albendazole/tiobend-400mg.htm
Tiveable (400mg),https://www.medindia.net/drug-price/albendazole/tiveable-400mg.htm
Toko Forte (10ml),https://www.medindia.net/drug-price/albendazole/toko-forte-10ml.htm
Toko Forte (400mg),https://www.medindia.net/drug-price/albendazole/toko-forte-400mg.htm
Tromer -A,https://www.medindia.net/drug-price/albendazole/tromer-a.htm
Trualba (400mg),https://www.medindia.net/drug-price/albendazole/trualba-400mg.htm
Tuff (5ml),https://www.medindia.net/drug-price/albendazole/tuff-5ml.htm
Tybend (400mg),https://www.medindia.net/drug-price/albendazole/tybend-400mg.htm
Ulben (400mg),https://www.medindia.net/drug-price/albendazole/ulben-400mg.htm
Valbason (400mg),https://www.medindia.net/drug-price/albendazole/valbason-400mg.htm
Varbend (400mg),https://www.medindia.net/drug-price/albendazole/varbend-400mg.htm
Varbend (400mg),https://www.medindia.net/drug-price/albendazole/varbend-400mg.htm
Varmin -A,https://www.medindia.net/drug-price/albendazole/varmin-a.htm
Varmitone,https://www.medindia.net/drug-price/albendazole/varmitone.htm
Vdworm (400mg),https://www.medindia.net/drug-price/albendazole/vdworm-400mg.htm
Velocid Plus (200mg/1.5mg),https://www.medindia.net/drug-price/albendazole/velocid-plus-200mg-1-5mg.htm
Velocid Plus (400mg/5mg),https://www.medindia.net/drug-price/albendazole/velocid-plus-400mg-5mg.htm
Verben (400mg),https://www.medindia.net/drug-price/albendazole/verben-400mg.htm
Verbend,https://www.medindia.net/drug-price/albendazole/verbend.htm
Vermac -A,https://www.medindia.net/drug-price/albendazole/vermac-a.htm
Vermin - A,https://www.medindia.net/drug-price/albendazole/vermin-a.htm
Vermin (10ml),https://www.medindia.net/drug-price/albendazole/vermin-10ml.htm
Vermin -A (10ml),https://www.medindia.net/drug-price/albendazole/vermin-a-10ml.htm
Vermitel (10ml),https://www.medindia.net/drug-price/albendazole/vermitel-10ml.htm
Vermitel (400mg),https://www.medindia.net/drug-price/albendazole/vermitel-400mg.htm
Vermiz,https://www.medindia.net/drug-price/albendazole/vermiz.htm
Vikbend (400mg),https://www.medindia.net/drug-price/albendazole/vikbend-400mg.htm
Vinole (400mg),https://www.medindia.net/drug-price/albendazole/vinole-400mg.htm
VJ Bend (10ml),https://www.medindia.net/drug-price/albendazole/vj-bend-10ml.htm
VJ Bend (400mg),https://www.medindia.net/drug-price/albendazole/vj-bend-400mg.htm
Vormout (10ml),https://www.medindia.net/drug-price/albendazole/vormout-10ml.htm
Vormout (200mg),https://www.medindia.net/drug-price/albendazole/vormout-200mg.htm
Vormout (400mg),https://www.medindia.net/drug-price/albendazole/vormout-400mg.htm
Vormout (400mg),https://www.medindia.net/drug-price/albendazole/vormout-400mg.htm
War (400mg),https://www.medindia.net/drug-price/albendazole/war-400mg.htm
Warmact,https://www.medindia.net/drug-price/albendazole/warmact.htm
Warmact (6mg/400mg),https://www.medindia.net/drug-price/albendazole/warmact-6mg-400mg.htm
Warmy A (400mg),https://www.medindia.net/drug-price/albendazole/warmy-a-400mg.htm
Wenkill (10ml),https://www.medindia.net/drug-price/albendazole/wenkill-10ml.htm
Wenkill (400mg),https://www.medindia.net/drug-price/albendazole/wenkill-400mg.htm
Winkill (400mg),https://www.medindia.net/drug-price/albendazole/winkill-400mg.htm
Winworm (400mg),https://www.medindia.net/drug-price/albendazole/winworm-400mg.htm
Winworm Chewable (400mg),https://www.medindia.net/drug-price/albendazole/winworm-chewable-400mg.htm
Winworm L,https://www.medindia.net/drug-price/albendazole/winworm-l.htm
Winworm Plus,https://www.medindia.net/drug-price/albendazole/winworm-plus.htm
Wocid (10ml),https://www.medindia.net/drug-price/albendazole/wocid-10ml.htm
Wocid (400mg),https://www.medindia.net/drug-price/albendazole/wocid-400mg.htm
Womgo (400mg),https://www.medindia.net/drug-price/albendazole/womgo-400mg.htm
Womi (400mg),https://www.medindia.net/drug-price/albendazole/womi-400mg.htm
Womiban (10ml),https://www.medindia.net/drug-price/albendazole/womiban-10ml.htm
Womiban (200mg/5mL),https://www.medindia.net/drug-price/albendazole/womiban-200mg-5ml.htm
Womiban (400mg),https://www.medindia.net/drug-price/albendazole/womiban-400mg.htm
Womiban (400mg),https://www.medindia.net/drug-price/albendazole/womiban-400mg.htm
Woodband (400mg),https://www.medindia.net/drug-price/albendazole/woodband-400mg.htm
Woriv - 1,https://www.medindia.net/drug-price/albendazole/woriv-1.htm
Woriv (10ml),https://www.medindia.net/drug-price/albendazole/woriv-10ml.htm
Woriv (400mg),https://www.medindia.net/drug-price/albendazole/woriv-400mg.htm
Worm Hunt (10ml),https://www.medindia.net/drug-price/albendazole/worm-hunt-10ml.htm
Worm Hunt (400mg),https://www.medindia.net/drug-price/albendazole/worm-hunt-400mg.htm
Worm X (400mg),https://www.medindia.net/drug-price/albendazole/worm-x-400mg.htm
Wormazan,https://www.medindia.net/drug-price/albendazole/wormazan.htm
Wormcure (400mg),https://www.medindia.net/drug-price/albendazole/wormcure-400mg.htm
Wormicare (10ml),https://www.medindia.net/drug-price/albendazole/wormicare-10ml.htm
Wormicare (200mg/5mL),https://www.medindia.net/drug-price/albendazole/wormicare-200mg-5ml.htm
Wormicare (400mg),https://www.medindia.net/drug-price/albendazole/wormicare-400mg.htm
Wormicare (400mg),https://www.medindia.net/drug-price/albendazole/wormicare-400mg.htm
Wormicare Forte,https://www.medindia.net/drug-price/albendazole/wormicare-forte.htm
Wormicare Plus (3mg/400mg),https://www.medindia.net/drug-price/albendazole/wormicare-plus-3mg-400mg.htm
Wormicare Plus (6mg/400mg),https://www.medindia.net/drug-price/albendazole/wormicare-plus-6mg-400mg.htm
Wormicid (10ml),https://www.medindia.net/drug-price/albendazole/wormicid-10ml.htm
Wormicid -I,https://www.medindia.net/drug-price/albendazole/wormicid-i.htm
Wormikin (400mg),https://www.medindia.net/drug-price/albendazole/wormikin-400mg.htm
Wormin A (10ml),https://www.medindia.net/drug-price/albendazole/wormin-a-10ml.htm
Wormin A (400mg),https://www.medindia.net/drug-price/albendazole/wormin-a-400mg.htm
Wormis -L,https://www.medindia.net/drug-price/albendazole/wormis-l.htm
Wormis -L (10ml),https://www.medindia.net/drug-price/albendazole/wormis-l-10ml.htm
Wormivon (400mg),https://www.medindia.net/drug-price/albendazole/wormivon-400mg.htm
Wormix (10ml),https://www.medindia.net/drug-price/albendazole/wormix-10ml.htm
Wormix (400mg),https://www.medindia.net/drug-price/albendazole/wormix-400mg.htm
Wormix Plus,https://www.medindia.net/drug-price/albendazole/wormix-plus.htm
Wormizole (10ml),https://www.medindia.net/drug-price/albendazole/wormizole-10ml.htm
Wormizole (400mg),https://www.medindia.net/drug-price/albendazole/wormizole-400mg.htm
Wormja (10ml),https://www.medindia.net/drug-price/albendazole/wormja-10ml.htm
Wormja (400mg),https://www.medindia.net/drug-price/albendazole/wormja-400mg.htm
Wormkut (10ml),https://www.medindia.net/drug-price/albendazole/wormkut-10ml.htm
Wormol (30ml),https://www.medindia.net/drug-price/albendazole/wormol-30ml.htm
Wormonil (10ml),https://www.medindia.net/drug-price/albendazole/wormonil-10ml.htm
Wormonil (400mg),https://www.medindia.net/drug-price/albendazole/wormonil-400mg.htm
Wormorid (10ml),https://www.medindia.net/drug-price/albendazole/wormorid-10ml.htm
Wormorid (200mg/5mL),https://www.medindia.net/drug-price/albendazole/wormorid-200mg-5ml.htm
Wormorid (400mg),https://www.medindia.net/drug-price/albendazole/wormorid-400mg.htm
Wormorid (400mg),https://www.medindia.net/drug-price/albendazole/wormorid-400mg.htm
Wormpel (10ml),https://www.medindia.net/drug-price/albendazole/wormpel-10ml.htm
Wormpel (200mg/5mL),https://www.medindia.net/drug-price/albendazole/wormpel-200mg-5ml.htm
Wormpel (400mg),https://www.medindia.net/drug-price/albendazole/wormpel-400mg.htm
Wormpel (400mg),https://www.medindia.net/drug-price/albendazole/wormpel-400mg.htm
Wormtec (400mg),https://www.medindia.net/drug-price/albendazole/wormtec-400mg.htm
Wormtel (10ml),https://www.medindia.net/drug-price/albendazole/wormtel-10ml.htm
Wormtel (10ml) (Vista Healthcare),https://www.medindia.net/drug-price/albendazole/wormtel-10ml-vista-healthcare.htm
Wormtel (400mg),https://www.medindia.net/drug-price/albendazole/wormtel-400mg.htm
Wormy (10ml),https://www.medindia.net/drug-price/albendazole/wormy-10ml.htm
Wornil (10ml),https://www.medindia.net/drug-price/albendazole/wornil-10ml.htm
Wornil (400mg),https://www.medindia.net/drug-price/albendazole/wornil-400mg.htm
Worteen (10ml),https://www.medindia.net/drug-price/albendazole/worteen-10ml.htm
Worzole (10ml),https://www.medindia.net/drug-price/albendazole/worzole-10ml.htm
Wox (10ml),https://www.medindia.net/drug-price/albendazole/wox-10ml.htm
Wox (400mg),https://www.medindia.net/drug-price/albendazole/wox-400mg.htm
X Worm (10ml),https://www.medindia.net/drug-price/albendazole/x-worm-10ml.htm
X Worm (400mg),https://www.medindia.net/drug-price/albendazole/x-worm-400mg.htm
Xenda (10ml),https://www.medindia.net/drug-price/albendazole/xenda-10ml.htm
Xenda (200mg/5mL),https://www.medindia.net/drug-price/albendazole/xenda-200mg-5ml.htm
Xenda (400mg),https://www.medindia.net/drug-price/albendazole/xenda-400mg.htm
Xenda (400mg),https://www.medindia.net/drug-price/albendazole/xenda-400mg.htm
Xenith (10ml),https://www.medindia.net/drug-price/albendazole/xenith-10ml.htm
Xenith (400mg),https://www.medindia.net/drug-price/albendazole/xenith-400mg.htm
Xeroworm AD (400mg),https://www.medindia.net/drug-price/albendazole/xeroworm-ad-400mg.htm
YBZ (15ml),https://www.medindia.net/drug-price/albendazole/ybz-15ml.htm
YBZ (400mg),https://www.medindia.net/drug-price/albendazole/ybz-400mg.htm
Zaa (400mg),https://www.medindia.net/drug-price/albendazole/zaa-400mg.htm
Zalvon (400mg),https://www.medindia.net/drug-price/albendazole/zalvon-400mg.htm
Zantol (10ml),https://www.medindia.net/drug-price/albendazole/zantol-10ml.htm
Zantol (400mg),https://www.medindia.net/drug-price/albendazole/zantol-400mg.htm
Zeben (10ml),https://www.medindia.net/drug-price/albendazole/zeben-10ml.htm
Zeben (400mg),https://www.medindia.net/drug-price/albendazole/zeben-400mg.htm
Zelbend (400mg),https://www.medindia.net/drug-price/albendazole/zelbend-400mg.htm
Zelbend (400mg),https://www.medindia.net/drug-price/albendazole/zelbend-400mg.htm
Zenben (400mg),https://www.medindia.net/drug-price/albendazole/zenben-400mg.htm
Zencid (10ml),https://www.medindia.net/drug-price/albendazole/zencid-10ml.htm
Zencid (400mg),https://www.medindia.net/drug-price/albendazole/zencid-400mg.htm
Zend (400mg),https://www.medindia.net/drug-price/albendazole/zend-400mg.htm
Zenda (400mg),https://www.medindia.net/drug-price/albendazole/zenda-400mg.htm
Zenoa (400mg),https://www.medindia.net/drug-price/albendazole/zenoa-400mg.htm
Zentel (10ml),https://www.medindia.net/drug-price/albendazole/zentel-10ml.htm
Zentel (200mg/5mL),https://www.medindia.net/drug-price/albendazole/zentel-200mg-5ml.htm
Zentel (400mg),https://www.medindia.net/drug-price/albendazole/zentel-400mg.htm
Zentel (400mg),https://www.medindia.net/drug-price/albendazole/zentel-400mg.htm
Zentic (200mg),https://www.medindia.net/drug-price/albendazole/zentic-200mg.htm
Zentic (400mg),https://www.medindia.net/drug-price/albendazole/zentic-400mg.htm
Zentic Syr (10ml),https://www.medindia.net/drug-price/albendazole/zentic-syr-10ml.htm
Zentic Tab (400mg),https://www.medindia.net/drug-price/albendazole/zentic-tab-400mg.htm
Zentir (400mg),https://www.medindia.net/drug-price/albendazole/zentir-400mg.htm
Zeroworm (400mg),https://www.medindia.net/drug-price/albendazole/zeroworm-400mg.htm
Zeworm (10ml),https://www.medindia.net/drug-price/albendazole/zeworm-10ml.htm
Zeworm (400mg),https://www.medindia.net/drug-price/albendazole/zeworm-400mg.htm
Zobend (10ml),https://www.medindia.net/drug-price/albendazole/zobend-10ml.htm
Zobend (400mg),https://www.medindia.net/drug-price/albendazole/zobend-400mg.htm
Zobenda (400mg),https://www.medindia.net/drug-price/albendazole/zobenda-400mg.htm
Zolben (10ml),https://www.medindia.net/drug-price/albendazole/zolben-10ml.htm
Zolben (400mg),https://www.medindia.net/drug-price/albendazole/zolben-400mg.htm
Zolox (400mg),https://www.medindia.net/drug-price/albendazole/zolox-400mg.htm
Zondal (10ml),https://www.medindia.net/drug-price/albendazole/zondal-10ml.htm
Zondal (400mg),https://www.medindia.net/drug-price/albendazole/zondal-400mg.htm
