Aprotec (100000KIU),https://www.medindia.net/drug-price/aprotinin/aprotec-100000kiu.htm
Aprogen 70mg,https://www.medindia.net/drug-price/aprotinin/aprogen-70mg.htm
Apronin,https://www.medindia.net/drug-price/aprotinin/apronin.htm
Transylol,https://www.medindia.net/drug-price/aprotinin/transylol.htm
Aprogen 14mg,https://www.medindia.net/drug-price/aprotinin/aprogen-14mg.htm
Kallistat,https://www.medindia.net/drug-price/aprotinin/kallistat.htm
Trasylol Inf,https://www.medindia.net/drug-price/aprotinin/trasylol-inf.htm
Aprotec (500000KIU),https://www.medindia.net/drug-price/aprotinin/aprotec-500000kiu.htm
Aprostat,https://www.medindia.net/drug-price/aprotinin/aprostat.htm
Aprotin (70 mg),https://www.medindia.net/drug-price/aprotinin/aprotin-70-mg.htm
Kallistat (50 ml),https://www.medindia.net/drug-price/aprotinin/kallistat-50-ml.htm
Haemoprot,https://www.medindia.net/drug-price/aprotinin/haemoprot.htm
