Apicord (10 mg),https://www.medindia.net/drug-price/aripiprazole/apicord-10-mg.htm
Apicord (15 mg),https://www.medindia.net/drug-price/aripiprazole/apicord-15-mg.htm
Apicord (20 mg),https://www.medindia.net/drug-price/aripiprazole/apicord-20-mg.htm
Apicord (30 mg),https://www.medindia.net/drug-price/aripiprazole/apicord-30-mg.htm
Apiz (10mg),https://www.medindia.net/drug-price/aripiprazole/apiz-10mg.htm
Apiz (15mg),https://www.medindia.net/drug-price/aripiprazole/apiz-15mg.htm
Apiz (20mg),https://www.medindia.net/drug-price/aripiprazole/apiz-20mg.htm
Apiz (30mg),https://www.medindia.net/drug-price/aripiprazole/apiz-30mg.htm
Apiz (5mg),https://www.medindia.net/drug-price/aripiprazole/apiz-5mg.htm
Arena,https://www.medindia.net/drug-price/aripiprazole/arena.htm
Arena (15 mg),https://www.medindia.net/drug-price/aripiprazole/arena-15-mg.htm
Arena (20 mg),https://www.medindia.net/drug-price/aripiprazole/arena-20-mg.htm
Aria,https://www.medindia.net/drug-price/aripiprazole/aria.htm
Aria (10mg),https://www.medindia.net/drug-price/aripiprazole/aria-10mg.htm
Aria (15 mg),https://www.medindia.net/drug-price/aripiprazole/aria-15-mg.htm
Aria (15mg),https://www.medindia.net/drug-price/aripiprazole/aria-15mg.htm
Aria (20 mg),https://www.medindia.net/drug-price/aripiprazole/aria-20-mg.htm
Aria (20mg),https://www.medindia.net/drug-price/aripiprazole/aria-20mg.htm
Aria (30 mg),https://www.medindia.net/drug-price/aripiprazole/aria-30-mg.htm
Aria (30mg),https://www.medindia.net/drug-price/aripiprazole/aria-30mg.htm
Aridus,https://www.medindia.net/drug-price/aripiprazole/aridus.htm
Aridus (15 mg),https://www.medindia.net/drug-price/aripiprazole/aridus-15-mg.htm
Aridus (20 mg),https://www.medindia.net/drug-price/aripiprazole/aridus-20-mg.htm
Aridus (30 mg),https://www.medindia.net/drug-price/aripiprazole/aridus-30-mg.htm
Arifril (10mg),https://www.medindia.net/drug-price/aripiprazole/arifril-10mg.htm
Arifril (15mg),https://www.medindia.net/drug-price/aripiprazole/arifril-15mg.htm
Arifril (30mg),https://www.medindia.net/drug-price/aripiprazole/arifril-30mg.htm
Arilan,https://www.medindia.net/drug-price/aripiprazole/arilan.htm
Arilan (10mg),https://www.medindia.net/drug-price/aripiprazole/arilan-10mg.htm
Arilan (15 mg),https://www.medindia.net/drug-price/aripiprazole/arilan-15-mg.htm
Arilan (15mg),https://www.medindia.net/drug-price/aripiprazole/arilan-15mg.htm
Arilan (20 mg),https://www.medindia.net/drug-price/aripiprazole/arilan-20-mg.htm
Arilan (20mg),https://www.medindia.net/drug-price/aripiprazole/arilan-20mg.htm
Arilan (30 mg),https://www.medindia.net/drug-price/aripiprazole/arilan-30-mg.htm
Arilan (30mg),https://www.medindia.net/drug-price/aripiprazole/arilan-30mg.htm
ARINEX-10,https://www.medindia.net/drug-price/aripiprazole/arinex-10.htm
ARINEX-15,https://www.medindia.net/drug-price/aripiprazole/arinex-15.htm
Arip MT,https://www.medindia.net/drug-price/aripiprazole/arip-mt.htm
Arip -MT (15 mg),https://www.medindia.net/drug-price/aripiprazole/arip-mt-15-mg.htm
Arip -MT (20 mg),https://www.medindia.net/drug-price/aripiprazole/arip-mt-20-mg.htm
Arip -MT (30 mg),https://www.medindia.net/drug-price/aripiprazole/arip-mt-30-mg.htm
Arip MT (5 mg),https://www.medindia.net/drug-price/aripiprazole/arip-mt-5-mg.htm
Aripat -MD,https://www.medindia.net/drug-price/aripiprazole/aripat-md.htm
Aripat -MD (15 mg),https://www.medindia.net/drug-price/aripiprazole/aripat-md-15-mg.htm
Aripat-MD (10mg),https://www.medindia.net/drug-price/aripiprazole/aripat-md-10mg.htm
Aripat-MD (15mg),https://www.medindia.net/drug-price/aripiprazole/aripat-md-15mg.htm
Aripicon (10 mg),https://www.medindia.net/drug-price/aripiprazole/aripicon-10-mg.htm
Aripicon (15 mg),https://www.medindia.net/drug-price/aripiprazole/aripicon-15-mg.htm
Aripicon (30 mg),https://www.medindia.net/drug-price/aripiprazole/aripicon-30-mg.htm
Aripra,https://www.medindia.net/drug-price/aripiprazole/aripra.htm
Aripra (15 mg),https://www.medindia.net/drug-price/aripiprazole/aripra-15-mg.htm
Aripra (20 mg),https://www.medindia.net/drug-price/aripiprazole/aripra-20-mg.htm
Aripra (30 mg),https://www.medindia.net/drug-price/aripiprazole/aripra-30-mg.htm
Aripra MT,https://www.medindia.net/drug-price/aripiprazole/aripra-mt.htm
Aripra MT (15 mg),https://www.medindia.net/drug-price/aripiprazole/aripra-mt-15-mg.htm
Aripra MT (20 mg),https://www.medindia.net/drug-price/aripiprazole/aripra-mt-20-mg.htm
Aripra MT (30 mg),https://www.medindia.net/drug-price/aripiprazole/aripra-mt-30-mg.htm
Arive,https://www.medindia.net/drug-price/aripiprazole/arive.htm
Arive (10mg),https://www.medindia.net/drug-price/aripiprazole/arive-10mg.htm
Arive (15 mg),https://www.medindia.net/drug-price/aripiprazole/arive-15-mg.htm
Arive (15mg),https://www.medindia.net/drug-price/aripiprazole/arive-15mg.htm
Arive (20 mg),https://www.medindia.net/drug-price/aripiprazole/arive-20-mg.htm
Arive (20mg),https://www.medindia.net/drug-price/aripiprazole/arive-20mg.htm
Arive (30 mg),https://www.medindia.net/drug-price/aripiprazole/arive-30-mg.htm
Arive (30mg),https://www.medindia.net/drug-price/aripiprazole/arive-30mg.htm
Arize,https://www.medindia.net/drug-price/aripiprazole/arize.htm
Arize (10 mg),https://www.medindia.net/drug-price/aripiprazole/arize-10-mg.htm
Arize (10mg),https://www.medindia.net/drug-price/aripiprazole/arize-10mg.htm
Arize (15 mg),https://www.medindia.net/drug-price/aripiprazole/arize-15-mg.htm
Arize (15mg),https://www.medindia.net/drug-price/aripiprazole/arize-15mg.htm
Arize (20 mg),https://www.medindia.net/drug-price/aripiprazole/arize-20-mg.htm
Arize (20mg),https://www.medindia.net/drug-price/aripiprazole/arize-20mg.htm
Arize (30 mg),https://www.medindia.net/drug-price/aripiprazole/arize-30-mg.htm
Arize (30mg),https://www.medindia.net/drug-price/aripiprazole/arize-30mg.htm
Arize (5mg),https://www.medindia.net/drug-price/aripiprazole/arize-5mg.htm
Arol,https://www.medindia.net/drug-price/aripiprazole/arol.htm
Arole (10mg),https://www.medindia.net/drug-price/aripiprazole/arole-10mg.htm
Arole (15mg),https://www.medindia.net/drug-price/aripiprazole/arole-15mg.htm
Arole (20mg),https://www.medindia.net/drug-price/aripiprazole/arole-20mg.htm
Arole (30mg),https://www.medindia.net/drug-price/aripiprazole/arole-30mg.htm
Arole (5mg),https://www.medindia.net/drug-price/aripiprazole/arole-5mg.htm
Arpicin,https://www.medindia.net/drug-price/aripiprazole/arpicin.htm
Arpicin (15 mg),https://www.medindia.net/drug-price/aripiprazole/arpicin-15-mg.htm
Arpicin (30 mg),https://www.medindia.net/drug-price/aripiprazole/arpicin-30-mg.htm
Arpizol (10 mg),https://www.medindia.net/drug-price/aripiprazole/arpizol-10-mg.htm
Arpizol (15 mg),https://www.medindia.net/drug-price/aripiprazole/arpizol-15-mg.htm
Arpizol (20 mg),https://www.medindia.net/drug-price/aripiprazole/arpizol-20-mg.htm
Arpizol (5 mg),https://www.medindia.net/drug-price/aripiprazole/arpizol-5-mg.htm
Arzu,https://www.medindia.net/drug-price/aripiprazole/arzu.htm
Arzu (10mg),https://www.medindia.net/drug-price/aripiprazole/arzu-10mg.htm
Arzu (15 mg),https://www.medindia.net/drug-price/aripiprazole/arzu-15-mg.htm
Arzu (15mg),https://www.medindia.net/drug-price/aripiprazole/arzu-15mg.htm
Arzu (30 mg),https://www.medindia.net/drug-price/aripiprazole/arzu-30-mg.htm
Arzu (30mg),https://www.medindia.net/drug-price/aripiprazole/arzu-30mg.htm
Asprito,https://www.medindia.net/drug-price/aripiprazole/asprito.htm
Asprito (15 mg),https://www.medindia.net/drug-price/aripiprazole/asprito-15-mg.htm
Asprito (20 mg),https://www.medindia.net/drug-price/aripiprazole/asprito-20-mg.htm
Asprito (30 mg),https://www.medindia.net/drug-price/aripiprazole/asprito-30-mg.htm
Biliff,https://www.medindia.net/drug-price/aripiprazole/biliff.htm
Biliff (15 mg),https://www.medindia.net/drug-price/aripiprazole/biliff-15-mg.htm
Biliff (30 mg),https://www.medindia.net/drug-price/aripiprazole/biliff-30-mg.htm
Elrip,https://www.medindia.net/drug-price/aripiprazole/elrip.htm
Elrip (15 mg),https://www.medindia.net/drug-price/aripiprazole/elrip-15-mg.htm
Elrip (20 mg),https://www.medindia.net/drug-price/aripiprazole/elrip-20-mg.htm
Elrip (30 mg),https://www.medindia.net/drug-price/aripiprazole/elrip-30-mg.htm
Pipra A,https://www.medindia.net/drug-price/aripiprazole/pipra-a.htm
Pipra A (10 mg),https://www.medindia.net/drug-price/aripiprazole/pipra-a-10-mg.htm
Pipra -A (15 mg),https://www.medindia.net/drug-price/aripiprazole/pipra-a-15-mg.htm
Pipra A (20 mg),https://www.medindia.net/drug-price/aripiprazole/pipra-a-20-mg.htm
Pipra -A (30 mg),https://www.medindia.net/drug-price/aripiprazole/pipra-a-30-mg.htm
Pipra-A (10mg),https://www.medindia.net/drug-price/aripiprazole/pipra-a-10mg.htm
Pipra-A (15mg),https://www.medindia.net/drug-price/aripiprazole/pipra-a-15mg.htm
Pipra-A (20mg),https://www.medindia.net/drug-price/aripiprazole/pipra-a-20mg.htm
Pipra-A (30mg),https://www.medindia.net/drug-price/aripiprazole/pipra-a-30mg.htm
Pipra-A (5mg),https://www.medindia.net/drug-price/aripiprazole/pipra-a-5mg.htm
Real One,https://www.medindia.net/drug-price/aripiprazole/real-one.htm
Real One  (10mg),https://www.medindia.net/drug-price/aripiprazole/real-one-10mg.htm
Real One  (15mg),https://www.medindia.net/drug-price/aripiprazole/real-one-15mg.htm
Real One  (20mg),https://www.medindia.net/drug-price/aripiprazole/real-one-20mg.htm
Real One  (30mg),https://www.medindia.net/drug-price/aripiprazole/real-one-30mg.htm
Real One (15 mg),https://www.medindia.net/drug-price/aripiprazole/real-one-15-mg.htm
Real One (20 mg),https://www.medindia.net/drug-price/aripiprazole/real-one-20-mg.htm
Real One (30 mg),https://www.medindia.net/drug-price/aripiprazole/real-one-30-mg.htm
Rizotal,https://www.medindia.net/drug-price/aripiprazole/rizotal.htm
Rizotal (15 mg),https://www.medindia.net/drug-price/aripiprazole/rizotal-15-mg.htm
Schizopra,https://www.medindia.net/drug-price/aripiprazole/schizopra.htm
Schizopra (10mg),https://www.medindia.net/drug-price/aripiprazole/schizopra-10mg.htm
Schizopra (15 mg),https://www.medindia.net/drug-price/aripiprazole/schizopra-15-mg.htm
Schizopra (15mg),https://www.medindia.net/drug-price/aripiprazole/schizopra-15mg.htm
Schizopra (20 mg),https://www.medindia.net/drug-price/aripiprazole/schizopra-20-mg.htm
Schizopra (20mg),https://www.medindia.net/drug-price/aripiprazole/schizopra-20mg.htm
Schizopra (30 mg),https://www.medindia.net/drug-price/aripiprazole/schizopra-30-mg.htm
Schizopra (30mg),https://www.medindia.net/drug-price/aripiprazole/schizopra-30mg.htm
