Aquasol C (30ml),https://www.medindia.net/drug-price/ascorbic-acid-vitamin-c/aquasol-c-30ml.htm
Ascorbic Acid ,https://www.medindia.net/drug-price/ascorbic-acid-vitamin-c/ascorbic-acid.htm
Ascorbic Acid (100 mg) ,https://www.medindia.net/drug-price/ascorbic-acid-vitamin-c/ascorbic-acid-100-mg.htm
Ascorbic Acid (500 mg) ,https://www.medindia.net/drug-price/ascorbic-acid-vitamin-c/ascorbic-acid-500-mg.htm
C V. P.,https://www.medindia.net/drug-price/ascorbic-acid-vitamin-c/c-v-p-100mg-100mg.htm
C V. P. Forte,https://www.medindia.net/drug-price/ascorbic-acid-vitamin-c/c-v-p-forte-300mg-300mg.htm
Cartipro,https://www.medindia.net/drug-price/ascorbic-acid-vitamin-c/cartipro.htm
Cecon (30ml),https://www.medindia.net/drug-price/ascorbic-acid-vitamin-c/cecon-30ml.htm
Celin ,https://www.medindia.net/drug-price/ascorbic-acid-vitamin-c/celin.htm
Celin 500 ,https://www.medindia.net/drug-price/ascorbic-acid-vitamin-c/celin-500.htm
Celin Chewable (500 mg),https://www.medindia.net/drug-price/ascorbic-acid-vitamin-c/celin-chewable-500-mg.htm
Cell- C ,https://www.medindia.net/drug-price/ascorbic-acid-vitamin-c/cell-c.htm
Cevite (500 mg) ,https://www.medindia.net/drug-price/ascorbic-acid-vitamin-c/cevite-500-mg.htm
Clearz,https://www.medindia.net/drug-price/ascorbic-acid-vitamin-c/clearz.htm
CVP,https://www.medindia.net/drug-price/ascorbic-acid-vitamin-c/cvp.htm
CVP Forte,https://www.medindia.net/drug-price/ascorbic-acid-vitamin-c/cvp-forte.htm
E Cate,https://www.medindia.net/drug-price/ascorbic-acid-vitamin-c/e-cate.htm
Frutcee (30ml),https://www.medindia.net/drug-price/ascorbic-acid-vitamin-c/frutcee-30ml.htm
Globinex,https://www.medindia.net/drug-price/ascorbic-acid-vitamin-c/globinex.htm
Immunex,https://www.medindia.net/drug-price/ascorbic-acid-vitamin-c/immunex.htm
Kojidis,https://www.medindia.net/drug-price/ascorbic-acid-vitamin-c/kojidis.htm
Kojiriv -C,https://www.medindia.net/drug-price/ascorbic-acid-vitamin-c/kojiriv-c.htm
Lycotom,https://www.medindia.net/drug-price/ascorbic-acid-vitamin-c/lycotom.htm
Malano (500 mg),https://www.medindia.net/drug-price/ascorbic-acid-vitamin-c/malano-500-mg.htm
Ostovit - G,https://www.medindia.net/drug-price/ascorbic-acid-vitamin-c/ostovit-g.htm
Ovit Plus,https://www.medindia.net/drug-price/ascorbic-acid-vitamin-c/ovit-plus.htm
Pedivit C (15ml),https://www.medindia.net/drug-price/ascorbic-acid-vitamin-c/pedivit-c-15ml.htm
Pileum,https://www.medindia.net/drug-price/ascorbic-acid-vitamin-c/pileum.htm
Redoxon ,https://www.medindia.net/drug-price/ascorbic-acid-vitamin-c/redoxon.htm
Sulfovit,https://www.medindia.net/drug-price/ascorbic-acid-vitamin-c/sulfovit.htm
Tildoxon (500 mg),https://www.medindia.net/drug-price/ascorbic-acid-vitamin-c/tildoxon-500-mg.htm
Vitriv C (500 mg),https://www.medindia.net/drug-price/ascorbic-acid-vitamin-c/vitriv-c-500-mg.htm
X Mark,https://www.medindia.net/drug-price/ascorbic-acid-vitamin-c/x-mark.htm
