A Card,https://www.medindia.net/drug-price/atenolol/a-card.htm
A Lol (50 mg),https://www.medindia.net/drug-price/atenolol/a-lol-50-mg.htm
A T (50 mg),https://www.medindia.net/drug-price/atenolol/a-t-50-mg.htm
Aamin A,https://www.medindia.net/drug-price/atenolol/aamin-a.htm
Acord A,https://www.medindia.net/drug-price/atenolol/acord-a.htm
Acord-A (5mg/50mg),https://www.medindia.net/drug-price/atenolol/acord-a-5mg-50mg.htm
Acord-A (5mg/50mg),https://www.medindia.net/drug-price/atenolol/acord-a-5mg-50mg.htm
Adbeta (12.5 mg),https://www.medindia.net/drug-price/atenolol/adbeta-12-5-mg.htm
Adbeta (25 mg),https://www.medindia.net/drug-price/atenolol/adbeta-25-mg.htm
Adipin Plus,https://www.medindia.net/drug-price/atenolol/adipin-plus.htm
Adopin AT,https://www.medindia.net/drug-price/atenolol/adopin-at.htm
Adpine AT,https://www.medindia.net/drug-price/atenolol/adpine-at.htm
Aglodepin AT,https://www.medindia.net/drug-price/atenolol/aglodepin-at.htm
Agloten (50 mg),https://www.medindia.net/drug-price/atenolol/agloten-50-mg.htm
Alinor (100 mg),https://www.medindia.net/drug-price/atenolol/alinor-100-mg.htm
Alinor (25 mg),https://www.medindia.net/drug-price/atenolol/alinor-25-mg.htm
Alinor (50 mg),https://www.medindia.net/drug-price/atenolol/alinor-50-mg.htm
Aloten (100 mg),https://www.medindia.net/drug-price/atenolol/aloten-100-mg.htm
Aloten (50 mg),https://www.medindia.net/drug-price/atenolol/aloten-50-mg.htm
Altas AT,https://www.medindia.net/drug-price/atenolol/altas-at.htm
Altol (25 mg),https://www.medindia.net/drug-price/atenolol/altol-25-mg.htm
Altol (50 mg),https://www.medindia.net/drug-price/atenolol/altol-50-mg.htm
Altoma,https://www.medindia.net/drug-price/atenolol/altoma.htm
AM - AT,https://www.medindia.net/drug-price/atenolol/am-at.htm
AM -T,https://www.medindia.net/drug-price/atenolol/am-t.htm
Amcard -AT,https://www.medindia.net/drug-price/atenolol/amcard-at.htm
Amcard-AT (5mg/50mg),https://www.medindia.net/drug-price/atenolol/amcard-at-5mg-50mg.htm
Amcard-AT (5mg/50mg),https://www.medindia.net/drug-price/atenolol/amcard-at-5mg-50mg.htm
Amcard-AT (5mg/50mg),https://www.medindia.net/drug-price/atenolol/amcard-at-5mg-50mg.htm
Amchek -AT,https://www.medindia.net/drug-price/atenolol/amchek-at.htm
Amdepin AT,https://www.medindia.net/drug-price/atenolol/amdepin-at.htm
Amdepin-AT (5mg/50mg),https://www.medindia.net/drug-price/atenolol/amdepin-at-5mg-50mg.htm
Amdepin-AT (5mg/50mg),https://www.medindia.net/drug-price/atenolol/amdepin-at-5mg-50mg.htm
Amdepin-AT (5mg/50mg),https://www.medindia.net/drug-price/atenolol/amdepin-at-5mg-50mg.htm
Amdinx AT,https://www.medindia.net/drug-price/atenolol/amdinx-at.htm
Amdip -AT,https://www.medindia.net/drug-price/atenolol/amdip-at.htm
Amdonex AT,https://www.medindia.net/drug-price/atenolol/amdonex-at.htm
Amfast -AT,https://www.medindia.net/drug-price/atenolol/amfast-at.htm
Amin -A,https://www.medindia.net/drug-price/atenolol/amin-a.htm
Aminol,https://www.medindia.net/drug-price/atenolol/aminol.htm
Amli -AT,https://www.medindia.net/drug-price/atenolol/amli-at.htm
Amlibon -AT,https://www.medindia.net/drug-price/atenolol/amlibon-at.htm
Amlica - AT,https://www.medindia.net/drug-price/atenolol/amlica-at.htm
Amlip Beta,https://www.medindia.net/drug-price/atenolol/amlip-beta.htm
Amloact -AT,https://www.medindia.net/drug-price/atenolol/amloact-at.htm
Amloact-AT (5mg/50mg),https://www.medindia.net/drug-price/atenolol/amloact-at-5mg-50mg.htm
Amloact-AT (5mg/50mg),https://www.medindia.net/drug-price/atenolol/amloact-at-5mg-50mg.htm
Amloact-AT (5mg/50mg),https://www.medindia.net/drug-price/atenolol/amloact-at-5mg-50mg.htm
Amloapt -AT,https://www.medindia.net/drug-price/atenolol/amloapt-at.htm
Amloat AT,https://www.medindia.net/drug-price/atenolol/amloat-at.htm
Amlobeat-AT (5mg/50mg),https://www.medindia.net/drug-price/atenolol/amlobeat-at-5mg-50mg.htm
Amlobeat-AT (5mg/50mg),https://www.medindia.net/drug-price/atenolol/amlobeat-at-5mg-50mg.htm
Amlobeat-AT (5mg/50mg),https://www.medindia.net/drug-price/atenolol/amlobeat-at-5mg-50mg.htm
Amlobet,https://www.medindia.net/drug-price/atenolol/amlobet.htm
Amlobid,https://www.medindia.net/drug-price/atenolol/amlobid.htm
Amlobin -AT,https://www.medindia.net/drug-price/atenolol/amlobin-at.htm
Amlocal -AT,https://www.medindia.net/drug-price/atenolol/amlocal-at.htm
Amlocard Forte,https://www.medindia.net/drug-price/atenolol/amlocard-forte.htm
Amlocard Forte (5mg/50mg),https://www.medindia.net/drug-price/atenolol/amlocard-forte-5mg-50mg.htm
Amlocard Forte (5mg/50mg),https://www.medindia.net/drug-price/atenolol/amlocard-forte-5mg-50mg.htm
Amlocard Forte (5mg/50mg),https://www.medindia.net/drug-price/atenolol/amlocard-forte-5mg-50mg.htm
Amlocas -AT,https://www.medindia.net/drug-price/atenolol/amlocas-at.htm
Amlocom -AT,https://www.medindia.net/drug-price/atenolol/amlocom-at.htm
Amlodac -AT,https://www.medindia.net/drug-price/atenolol/amlodac-at.htm
Amlodac-AT (5mg/50mg),https://www.medindia.net/drug-price/atenolol/amlodac-at-5mg-50mg.htm
Amlodac-AT (5mg/50mg),https://www.medindia.net/drug-price/atenolol/amlodac-at-5mg-50mg.htm
Amlodac-AT (5mg/50mg),https://www.medindia.net/drug-price/atenolol/amlodac-at-5mg-50mg.htm
Amlogen -AT,https://www.medindia.net/drug-price/atenolol/amlogen-at.htm
Amlogla-Plus,https://www.medindia.net/drug-price/atenolol/amlogla-plus.htm
Amloheart-AT (5mg/50mg),https://www.medindia.net/drug-price/atenolol/amloheart-at-5mg-50mg.htm
Amloheart-AT (5mg/50mg),https://www.medindia.net/drug-price/atenolol/amloheart-at-5mg-50mg.htm
Amlokath -A,https://www.medindia.net/drug-price/atenolol/amlokath-a.htm
Amlokind -AT,https://www.medindia.net/drug-price/atenolol/amlokind-at.htm
Amlokind-AT (5mg/50mg),https://www.medindia.net/drug-price/atenolol/amlokind-at-5mg-50mg.htm
Amlokind-AT (5mg/50mg),https://www.medindia.net/drug-price/atenolol/amlokind-at-5mg-50mg.htm
Amlokind-AT (5mg/50mg),https://www.medindia.net/drug-price/atenolol/amlokind-at-5mg-50mg.htm
Amlokos -AT,https://www.medindia.net/drug-price/atenolol/amlokos-at.htm
Amlokos -AT (50 mg),https://www.medindia.net/drug-price/atenolol/amlokos-at-50-mg.htm
Amlom (5mg/50mg),https://www.medindia.net/drug-price/atenolol/amlom-5mg-50mg.htm
Amlom (5mg/50mg),https://www.medindia.net/drug-price/atenolol/amlom-5mg-50mg.htm
Amloman-AT,https://www.medindia.net/drug-price/atenolol/amloman-at.htm
Amlong -A (25mg),https://www.medindia.net/drug-price/atenolol/amlong-a-25mg.htm
Amlong -A (50mg),https://www.medindia.net/drug-price/atenolol/amlong-a-50mg.htm
Amlong-A (5mg/25mg),https://www.medindia.net/drug-price/atenolol/amlong-a-5mg-25mg.htm
Amlong-A (5mg/25mg),https://www.medindia.net/drug-price/atenolol/amlong-a-5mg-25mg.htm
Amlong-A (5mg/50mg),https://www.medindia.net/drug-price/atenolol/amlong-a-5mg-50mg.htm
Amlong-A (5mg/50mg),https://www.medindia.net/drug-price/atenolol/amlong-a-5mg-50mg.htm
Amlong-A (5mg/50mg),https://www.medindia.net/drug-price/atenolol/amlong-a-5mg-50mg.htm
Amlong-A (5mg/50mg),https://www.medindia.net/drug-price/atenolol/amlong-a-5mg-50mg.htm
Amlonol,https://www.medindia.net/drug-price/atenolol/amlonol.htm
Amlonorm -AT,https://www.medindia.net/drug-price/atenolol/amlonorm-at.htm
Amlonova,https://www.medindia.net/drug-price/atenolol/amlonova.htm
Amlop -AT,https://www.medindia.net/drug-price/atenolol/amlop-at.htm
Amlopin -AT,https://www.medindia.net/drug-price/atenolol/amlopin-at.htm
Amlopin-AT (5mg/50mg),https://www.medindia.net/drug-price/atenolol/amlopin-at-5mg-50mg.htm
Amlopin-AT (5mg/50mg),https://www.medindia.net/drug-price/atenolol/amlopin-at-5mg-50mg.htm
Amlopin-AT (5mg/50mg),https://www.medindia.net/drug-price/atenolol/amlopin-at-5mg-50mg.htm
Amlopres AT (25mg),https://www.medindia.net/drug-price/atenolol/amlopres-at-25mg.htm
Amlopres -AT (50mg),https://www.medindia.net/drug-price/atenolol/amlopres-at-50mg.htm
Amlopres-AT (5mg/25mg),https://www.medindia.net/drug-price/atenolol/amlopres-at-5mg-25mg.htm
Amlopres-AT (5mg/25mg),https://www.medindia.net/drug-price/atenolol/amlopres-at-5mg-25mg.htm
Amlopres-AT (5mg/25mg),https://www.medindia.net/drug-price/atenolol/amlopres-at-5mg-25mg.htm
Amlopres-AT (5mg/25mg),https://www.medindia.net/drug-price/atenolol/amlopres-at-5mg-25mg.htm
Amlopres-AT (5mg/25mg),https://www.medindia.net/drug-price/atenolol/amlopres-at-5mg-25mg.htm
Amlopres-AT (5mg/25mg),https://www.medindia.net/drug-price/atenolol/amlopres-at-5mg-25mg.htm
Amlopres-AT (5mg/50mg),https://www.medindia.net/drug-price/atenolol/amlopres-at-5mg-50mg.htm
Amlopres-AT (5mg/50mg),https://www.medindia.net/drug-price/atenolol/amlopres-at-5mg-50mg.htm
Amlopres-AT (5mg/50mg),https://www.medindia.net/drug-price/atenolol/amlopres-at-5mg-50mg.htm
Amlopres-AT (5mg/50mg),https://www.medindia.net/drug-price/atenolol/amlopres-at-5mg-50mg.htm
Amlopres-AT (5mg/50mg),https://www.medindia.net/drug-price/atenolol/amlopres-at-5mg-50mg.htm
Amlopres-AT (5mg/50mg),https://www.medindia.net/drug-price/atenolol/amlopres-at-5mg-50mg.htm
Amloray AT-25,https://www.medindia.net/drug-price/atenolol/amloray-at-25.htm
Amlorid-AT,https://www.medindia.net/drug-price/atenolol/amlorid-at.htm
Amlosac A T,https://www.medindia.net/drug-price/atenolol/amlosac-a-t.htm
Amlosafe AT,https://www.medindia.net/drug-price/atenolol/amlosafe-at-50mg-5mg.htm
Amlostar A,https://www.medindia.net/drug-price/atenolol/amlostar-a.htm
Amlostat AT,https://www.medindia.net/drug-price/atenolol/amlostat-at.htm
Amlostat-AT (5mg/25mg),https://www.medindia.net/drug-price/atenolol/amlostat-at-5mg-25mg.htm
Amlostat-AT (5mg/25mg),https://www.medindia.net/drug-price/atenolol/amlostat-at-5mg-25mg.htm
Amlostat-AT (5mg/25mg),https://www.medindia.net/drug-price/atenolol/amlostat-at-5mg-25mg.htm
Amlosure-AT (5mg/50mg),https://www.medindia.net/drug-price/atenolol/amlosure-at-5mg-50mg.htm
Amlosure-AT (5mg/50mg),https://www.medindia.net/drug-price/atenolol/amlosure-at-5mg-50mg.htm
Amlotec -AT,https://www.medindia.net/drug-price/atenolol/amlotec-at.htm
Amloten,https://www.medindia.net/drug-price/atenolol/amloten.htm
Amlotest-AT (5mg/50mg),https://www.medindia.net/drug-price/atenolol/amlotest-at-5mg-50mg.htm
Amlotest-AT (5mg/50mg),https://www.medindia.net/drug-price/atenolol/amlotest-at-5mg-50mg.htm
Amlothens -AT,https://www.medindia.net/drug-price/atenolol/amlothens-at.htm
Amlotin,https://www.medindia.net/drug-price/atenolol/amlotin.htm
Amlovas -AT,https://www.medindia.net/drug-price/atenolol/amlovas-at.htm
Amlovas-AT (5mg/25mg),https://www.medindia.net/drug-price/atenolol/amlovas-at-5mg-25mg.htm
Amlovas-AT (5mg/25mg),https://www.medindia.net/drug-price/atenolol/amlovas-at-5mg-25mg.htm
Amlovas-AT (5mg/25mg),https://www.medindia.net/drug-price/atenolol/amlovas-at-5mg-25mg.htm
Amlovas-AT (5mg/50mg),https://www.medindia.net/drug-price/atenolol/amlovas-at-5mg-50mg.htm
Amlovas-AT (5mg/50mg),https://www.medindia.net/drug-price/atenolol/amlovas-at-5mg-50mg.htm
Amlovas-AT (5mg/50mg),https://www.medindia.net/drug-price/atenolol/amlovas-at-5mg-50mg.htm
Amlovik AT,https://www.medindia.net/drug-price/atenolol/amlovik-at.htm
Amlowin AT,https://www.medindia.net/drug-price/atenolol/amlowin-at.htm
Amloz - AT,https://www.medindia.net/drug-price/atenolol/amloz-at-shreya.htm
Amloz - AT 25,https://www.medindia.net/drug-price/atenolol/amloz-at-25.htm
Amloz AT,https://www.medindia.net/drug-price/atenolol/amloz-at-plethico.htm
Amloz -AT (25mg),https://www.medindia.net/drug-price/atenolol/amloz-at-25mg.htm
Amloz Plus,https://www.medindia.net/drug-price/atenolol/amloz-plus.htm
Amlozed A T,https://www.medindia.net/drug-price/atenolol/amlozed-a-t.htm
Amnest -AT,https://www.medindia.net/drug-price/atenolol/amnest-at.htm
Amnol,https://www.medindia.net/drug-price/atenolol/amnol.htm
Amnol-AT,https://www.medindia.net/drug-price/atenolol/amnol-at.htm
Amnorm - A,https://www.medindia.net/drug-price/atenolol/amnorm-a.htm
Amodep -AT,https://www.medindia.net/drug-price/atenolol/amodep-at.htm
Amodep-AT (5mg/50mg),https://www.medindia.net/drug-price/atenolol/amodep-at-5mg-50mg.htm
Amodep-AT (5mg/50mg),https://www.medindia.net/drug-price/atenolol/amodep-at-5mg-50mg.htm
Amodep-AT (5mg/50mg),https://www.medindia.net/drug-price/atenolol/amodep-at-5mg-50mg.htm
Amodin AT,https://www.medindia.net/drug-price/atenolol/amodin-at.htm
Amone -AT,https://www.medindia.net/drug-price/atenolol/amone-at.htm
Amopine - AT,https://www.medindia.net/drug-price/atenolol/amopine-at.htm
Amozen-AT,https://www.medindia.net/drug-price/atenolol/amozen-at.htm
Ampilife-AT (5mg/50mg),https://www.medindia.net/drug-price/atenolol/ampilife-at-5mg-50mg.htm
Ampilife-AT (5mg/50mg),https://www.medindia.net/drug-price/atenolol/ampilife-at-5mg-50mg.htm
Ampin -AT,https://www.medindia.net/drug-price/atenolol/ampin-at.htm
Ampine AT,https://www.medindia.net/drug-price/atenolol/ampine-at.htm
Amrap -AT,https://www.medindia.net/drug-price/atenolol/amrap-at.htm
Amsar -AT,https://www.medindia.net/drug-price/atenolol/amsar-at.htm
Amset -XT,https://www.medindia.net/drug-price/atenolol/amset-xt.htm
Amsten,https://www.medindia.net/drug-price/atenolol/amsten.htm
Amsten (5mg/50mg),https://www.medindia.net/drug-price/atenolol/amsten-5mg-50mg.htm
Amsten (5mg/50mg),https://www.medindia.net/drug-price/atenolol/amsten-5mg-50mg.htm
Amsten (5mg/50mg),https://www.medindia.net/drug-price/atenolol/amsten-5mg-50mg.htm
Amtas -AT,https://www.medindia.net/drug-price/atenolol/amtas-at.htm
Amtas -AT 25,https://www.medindia.net/drug-price/atenolol/amtas-at-25.htm
Amtas-AT (5mg/50mg),https://www.medindia.net/drug-price/atenolol/amtas-at-5mg-50mg.htm
Amtas-AT (5mg/50mg),https://www.medindia.net/drug-price/atenolol/amtas-at-5mg-50mg.htm
Amtas-AT (5mg/50mg),https://www.medindia.net/drug-price/atenolol/amtas-at-5mg-50mg.htm
Amtas-AT (5mg/50mg),https://www.medindia.net/drug-price/atenolol/amtas-at-5mg-50mg.htm
Amtas-AT (5mg/50mg),https://www.medindia.net/drug-price/atenolol/amtas-at-5mg-50mg.htm
Amtas-AT (5mg/50mg),https://www.medindia.net/drug-price/atenolol/amtas-at-5mg-50mg.htm
Amtas-AT 25 (5mg/25mg),https://www.medindia.net/drug-price/atenolol/amtas-at-25-5mg-25mg.htm
Amtas-AT 25 (5mg/25mg),https://www.medindia.net/drug-price/atenolol/amtas-at-25-5mg-25mg.htm
Amtas-AT 26 (5mg/25mg),https://www.medindia.net/drug-price/atenolol/amtas-at-26-5mg-25mg.htm
Amvik -AT,https://www.medindia.net/drug-price/atenolol/amvik-at.htm
Amwa -AT,https://www.medindia.net/drug-price/atenolol/amwa-at.htm
Amzen -A,https://www.medindia.net/drug-price/atenolol/amzen-a.htm
Andinx AT,https://www.medindia.net/drug-price/atenolol/andinx-at.htm
Angi -At,https://www.medindia.net/drug-price/atenolol/angi-at.htm
Angicam Beta,https://www.medindia.net/drug-price/atenolol/angicam-beta.htm
Angicam-Beta (5mg/50mg),https://www.medindia.net/drug-price/atenolol/angicam-beta-5mg-50mg.htm
Angicam-Beta (5mg/50mg),https://www.medindia.net/drug-price/atenolol/angicam-beta-5mg-50mg.htm
Angicam-Beta (5mg/50mg),https://www.medindia.net/drug-price/atenolol/angicam-beta-5mg-50mg.htm
Angil AT,https://www.medindia.net/drug-price/atenolol/angil-at.htm
Angipres,https://www.medindia.net/drug-price/atenolol/angipres.htm
Angitol Plus,https://www.medindia.net/drug-price/atenolol/angitol-plus.htm
Angizaar -AT,https://www.medindia.net/drug-price/atenolol/angizaar-at.htm
Angizaar-AT (50mg/50mg),https://www.medindia.net/drug-price/atenolol/angizaar-at-50mg-50mg.htm
Aniloc (50 mg),https://www.medindia.net/drug-price/atenolol/aniloc-50-mg.htm
Anol (100 mg),https://www.medindia.net/drug-price/atenolol/anol-100-mg.htm
Anol (25 mg),https://www.medindia.net/drug-price/atenolol/anol-25-mg.htm
Anol (25mg),https://www.medindia.net/drug-price/atenolol/anol-25mg.htm
Anol (50 mg),https://www.medindia.net/drug-price/atenolol/anol-50-mg.htm
Anol (50mg),https://www.medindia.net/drug-price/atenolol/anol-50mg.htm
Anol -Ad,https://www.medindia.net/drug-price/atenolol/anol-ad.htm
Anol -Plus,https://www.medindia.net/drug-price/atenolol/anol-plus.htm
Anol-AD (5mg/50mg),https://www.medindia.net/drug-price/atenolol/anol-ad-5mg-50mg.htm
Anol-AD (5mg/50mg),https://www.medindia.net/drug-price/atenolol/anol-ad-5mg-50mg.htm
Anol-AD (5mg/50mg),https://www.medindia.net/drug-price/atenolol/anol-ad-5mg-50mg.htm
Anten (50 mg),https://www.medindia.net/drug-price/atenolol/anten-50-mg.htm
Apin AT,https://www.medindia.net/drug-price/atenolol/apin-at.htm
Apine-AT,https://www.medindia.net/drug-price/atenolol/apine-at.htm
Asomex AT,https://www.medindia.net/drug-price/atenolol/asomex-at.htm
Asomex AT (2.5 mg),https://www.medindia.net/drug-price/atenolol/asomex-at-2-5-mg.htm
Atal,https://www.medindia.net/drug-price/atenolol/atal.htm
Atam (5+50),https://www.medindia.net/drug-price/atenolol/atam-5-50.htm
Atamo,https://www.medindia.net/drug-price/atenolol/atamo.htm
Atamo 25,https://www.medindia.net/drug-price/atenolol/atamo-25.htm
Atark (50 mg),https://www.medindia.net/drug-price/atenolol/atark-50-mg.htm
Atbeta (50 mg),https://www.medindia.net/drug-price/atenolol/atbeta-50-mg.htm
Atbeta (50mg),https://www.medindia.net/drug-price/atenolol/atbeta-50mg.htm
Atcardil (100 mg),https://www.medindia.net/drug-price/atenolol/atcardil-100-mg.htm
Atcardil (50 mg),https://www.medindia.net/drug-price/atenolol/atcardil-50-mg.htm
Atcom (25 mg),https://www.medindia.net/drug-price/atenolol/atcom-25-mg.htm
Atcom (50 mg),https://www.medindia.net/drug-price/atenolol/atcom-50-mg.htm
Ateca (50 mg),https://www.medindia.net/drug-price/atenolol/ateca-50-mg.htm
Atecard - D,https://www.medindia.net/drug-price/atenolol/atecard-d.htm
Atecard (100 mg),https://www.medindia.net/drug-price/atenolol/atecard-100-mg.htm
Atecard (25 mg),https://www.medindia.net/drug-price/atenolol/atecard-25-mg.htm
Atecard (50 mg),https://www.medindia.net/drug-price/atenolol/atecard-50-mg.htm
Atecard -AM,https://www.medindia.net/drug-price/atenolol/atecard-am.htm
Atedine,https://www.medindia.net/drug-price/atenolol/atedine.htm
Atekind (50 mg),https://www.medindia.net/drug-price/atenolol/atekind-50-mg.htm
Atekind -D,https://www.medindia.net/drug-price/atenolol/atekind-d.htm
Ateleb (100 mg),https://www.medindia.net/drug-price/atenolol/ateleb-100-mg.htm
Ateleb (50 mg),https://www.medindia.net/drug-price/atenolol/ateleb-50-mg.htm
Ateloc (50 mg),https://www.medindia.net/drug-price/atenolol/ateloc-50-mg.htm
Atelol (100 mg),https://www.medindia.net/drug-price/atenolol/atelol-100-mg.htm
Atelol (25 mg),https://www.medindia.net/drug-price/atenolol/atelol-25-mg.htm
Atelol (50 mg),https://www.medindia.net/drug-price/atenolol/atelol-50-mg.htm
Atelol -D,https://www.medindia.net/drug-price/atenolol/atelol-d.htm
Atemarc (100 mg ),https://www.medindia.net/drug-price/atenolol/atemarc-100-mg.htm
Atemarc (50 mg),https://www.medindia.net/drug-price/atenolol/atemarc-50-mg.htm
Atemide,https://www.medindia.net/drug-price/atenolol/atemide.htm
Atemos -AT,https://www.medindia.net/drug-price/atenolol/atemos-at.htm
Aten (100 mg),https://www.medindia.net/drug-price/atenolol/aten-100-mg.htm
Aten (100 mg) (Zydus Cadila),https://www.medindia.net/drug-price/atenolol/aten-100-mg-zydus-cadila.htm
Aten (100mg),https://www.medindia.net/drug-price/atenolol/aten-100mg.htm
Aten (25 mg),https://www.medindia.net/drug-price/atenolol/aten-25-mg.htm
Aten (25 mg) (Zydus Cadila),https://www.medindia.net/drug-price/atenolol/aten-25-mg-zydus-cadila.htm
Aten (25mg),https://www.medindia.net/drug-price/atenolol/aten-25mg.htm
Aten (50 mg),https://www.medindia.net/drug-price/atenolol/aten-50-mg.htm
Aten (50 mg) (Zydus Cadila),https://www.medindia.net/drug-price/atenolol/aten-50-mg-zydus-cadila.htm
Aten (50mg),https://www.medindia.net/drug-price/atenolol/aten-50mg.htm
Aten (75 mg),https://www.medindia.net/drug-price/atenolol/aten-75-mg.htm
Aten (75 mg) (Zydus Cadila),https://www.medindia.net/drug-price/atenolol/aten-75-mg-zydus-cadila.htm
Aten -AM,https://www.medindia.net/drug-price/atenolol/aten-am.htm
Aten D,https://www.medindia.net/drug-price/atenolol/aten-d-zydus.htm
Aten -D,https://www.medindia.net/drug-price/atenolol/aten-d-zydus-cadila.htm
Aten -H,https://www.medindia.net/drug-price/atenolol/aten-h.htm
Aten -H 25,https://www.medindia.net/drug-price/atenolol/aten-h-25.htm
Aten-AM (5mg/50mg),https://www.medindia.net/drug-price/atenolol/aten-am-5mg-50mg.htm
Aten-AM (5mg/50mg),https://www.medindia.net/drug-price/atenolol/aten-am-5mg-50mg.htm
Aten-D (50mg/1.5mg),https://www.medindia.net/drug-price/atenolol/aten-d-50mg-1-5mg.htm
Aten-D (50mg/2.5mg),https://www.medindia.net/drug-price/atenolol/aten-d-50mg-2-5mg.htm
Atenex (100 mg),https://www.medindia.net/drug-price/atenolol/atenex-100-mg.htm
Atenex (100mg),https://www.medindia.net/drug-price/atenolol/atenex-100mg.htm
Atenex (25 mg),https://www.medindia.net/drug-price/atenolol/atenex-25-mg.htm
Atenex (25mg),https://www.medindia.net/drug-price/atenolol/atenex-25mg.htm
Atenex (50 mg),https://www.medindia.net/drug-price/atenolol/atenex-50-mg.htm
Atenex (50mg),https://www.medindia.net/drug-price/atenolol/atenex-50mg.htm
Atenex AM,https://www.medindia.net/drug-price/atenolol/atenex-am-zydus.htm
Atenex -AM,https://www.medindia.net/drug-price/atenolol/atenex-am-recon.htm
Atenex-AM (5mg/50mg),https://www.medindia.net/drug-price/atenolol/atenex-am-5mg-50mg.htm
Atenex-AM (5mg/50mg),https://www.medindia.net/drug-price/atenolol/atenex-am-5mg-50mg.htm
Atenex-AM (5mg/50mg),https://www.medindia.net/drug-price/atenolol/atenex-am-5mg-50mg.htm
Atenij (100 mg),https://www.medindia.net/drug-price/atenolol/atenij-100-mg.htm
Atenij (25 mg),https://www.medindia.net/drug-price/atenolol/atenij-25-mg.htm
Atenij (50 mg),https://www.medindia.net/drug-price/atenolol/atenij-50-mg.htm
Atenil (100 mg),https://www.medindia.net/drug-price/atenolol/atenil-100-mg.htm
Atenodip,https://www.medindia.net/drug-price/atenolol/atenodip.htm
Atenolol (100 mg),https://www.medindia.net/drug-price/atenolol/atenolol-100-mg.htm
Atenolol (25 mg),https://www.medindia.net/drug-price/atenolol/atenolol-25-mg.htm
Atenolol (50 mg),https://www.medindia.net/drug-price/atenolol/atenolol-50-mg.htm
Atenolol (50 mg) (Pharmed Reserach),https://www.medindia.net/drug-price/atenolol/atenolol-50-mg-pharmed-reserach.htm
Atenolol-50 mg (LOCOST),https://www.medindia.net/drug-price/atenolol/atenolol-50-mg-locost.htm
Atenova (100 mg),https://www.medindia.net/drug-price/atenolol/atenova-100-mg.htm
Atenova (100mg),https://www.medindia.net/drug-price/atenolol/atenova-100mg.htm
Atenova (25 mg),https://www.medindia.net/drug-price/atenolol/atenova-25-mg.htm
Atenova (25mg),https://www.medindia.net/drug-price/atenolol/atenova-25mg.htm
Atenova (50 mg),https://www.medindia.net/drug-price/atenolol/atenova-50-mg.htm
Atenova (50mg),https://www.medindia.net/drug-price/atenolol/atenova-50mg.htm
Atenova -SA,https://www.medindia.net/drug-price/atenolol/atenova-sa.htm
Atenova -SA (50 mg),https://www.medindia.net/drug-price/atenolol/atenova-sa-50-mg.htm
Atenova-H (25mg/12.5mg),https://www.medindia.net/drug-price/atenolol/atenova-h-25mg-12-5mg.htm
Atenova-H (50mg/12.5mg),https://www.medindia.net/drug-price/atenolol/atenova-h-50mg-12-5mg.htm
Atenova-SA (2.5mg/25mg),https://www.medindia.net/drug-price/atenolol/atenova-sa-2-5mg-25mg.htm
Atenova-SA (2.5mg/50mg),https://www.medindia.net/drug-price/atenolol/atenova-sa-2-5mg-50mg.htm
Atensia (50 mg),https://www.medindia.net/drug-price/atenolol/atensia-50-mg.htm
Atensia AM,https://www.medindia.net/drug-price/atenolol/atensia-am.htm
Atepose (100 mg),https://www.medindia.net/drug-price/atenolol/atepose-100-mg.htm
Atepose (25 mg),https://www.medindia.net/drug-price/atenolol/atepose-25-mg.htm
Atepose (50 mg),https://www.medindia.net/drug-price/atenolol/atepose-50-mg.htm
Atepres (50 mg),https://www.medindia.net/drug-price/atenolol/atepres-50-mg.htm
Atepres (50mg),https://www.medindia.net/drug-price/atenolol/atepres-50mg.htm
Atloma,https://www.medindia.net/drug-price/atenolol/atloma.htm
Atloma (5mg/50mg),https://www.medindia.net/drug-price/atenolol/atloma-5mg-50mg.htm
Atloma (5mg/50mg),https://www.medindia.net/drug-price/atenolol/atloma-5mg-50mg.htm
Atloma (5mg/50mg),https://www.medindia.net/drug-price/atenolol/atloma-5mg-50mg.htm
Atnol (100 mg),https://www.medindia.net/drug-price/atenolol/atnol-100-mg.htm
Atnol (25 mg),https://www.medindia.net/drug-price/atenolol/atnol-25-mg.htm
Atnol (50 mg),https://www.medindia.net/drug-price/atenolol/atnol-50-mg.htm
Ato Guard,https://www.medindia.net/drug-price/atenolol/ato-guard-50mg-100mg-5mg.htm
Atol (100 mg),https://www.medindia.net/drug-price/atenolol/atol-100-mg.htm
Atol (100mg),https://www.medindia.net/drug-price/atenolol/atol-100mg.htm
Atol (25 mg),https://www.medindia.net/drug-price/atenolol/atol-25-mg.htm
Atol (25mg),https://www.medindia.net/drug-price/atenolol/atol-25mg.htm
Atol (50 mg),https://www.medindia.net/drug-price/atenolol/atol-50-mg.htm
Atol (50mg),https://www.medindia.net/drug-price/atenolol/atol-50mg.htm
Atol -AM,https://www.medindia.net/drug-price/atenolol/atol-am.htm
Atol H,https://www.medindia.net/drug-price/atenolol/atol-h.htm
Atol-AM (5mg/50mg),https://www.medindia.net/drug-price/atenolol/atol-am-5mg-50mg.htm
Atol-AM (5mg/50mg),https://www.medindia.net/drug-price/atenolol/atol-am-5mg-50mg.htm
Atol-AM (5mg/50mg),https://www.medindia.net/drug-price/atenolol/atol-am-5mg-50mg.htm
Atoli (25 mg),https://www.medindia.net/drug-price/atenolol/atoli-25-mg.htm
Atop (50 mg),https://www.medindia.net/drug-price/atenolol/atop-50-mg.htm
Atormin (100 mg),https://www.medindia.net/drug-price/atenolol/atormin-100-mg.htm
Atormin (25 mg),https://www.medindia.net/drug-price/atenolol/atormin-25-mg.htm
Atormin (50 mg),https://www.medindia.net/drug-price/atenolol/atormin-50-mg.htm
Atpark (100 mg),https://www.medindia.net/drug-price/atenolol/atpark-100-mg.htm
Atpark (100mg),https://www.medindia.net/drug-price/atenolol/atpark-100mg.htm
Atpark (25 mg),https://www.medindia.net/drug-price/atenolol/atpark-25-mg.htm
Atpark (25mg),https://www.medindia.net/drug-price/atenolol/atpark-25mg.htm
Atpark (50 mg),https://www.medindia.net/drug-price/atenolol/atpark-50-mg.htm
Atpark (50mg),https://www.medindia.net/drug-price/atenolol/atpark-50mg.htm
Atpartc (100 mg),https://www.medindia.net/drug-price/atenolol/atpartc-100-mg.htm
Atpartc (25 mg),https://www.medindia.net/drug-price/atenolol/atpartc-25-mg.htm
Atpartc (50 mg),https://www.medindia.net/drug-price/atenolol/atpartc-50-mg.htm
Atwa (25 mg) (Albatross),https://www.medindia.net/drug-price/atenolol/atwa-25-mg-albatross.htm
Atwa (25 mg) (Kaytross),https://www.medindia.net/drug-price/atenolol/atwa-25-mg-kaytross.htm
Atwa (50 mg),https://www.medindia.net/drug-price/atenolol/atwa-50-mg.htm
Atwa (50 mg) (Albatross),https://www.medindia.net/drug-price/atenolol/atwa-50-mg-albatross.htm
Atwin (50 mg),https://www.medindia.net/drug-price/atenolol/atwin-50-mg.htm
Atwin-50,https://www.medindia.net/drug-price/atenolol/atwin-50.htm
Atwin-AM,https://www.medindia.net/drug-price/atenolol/atwin-am.htm
Atzee (50 mg),https://www.medindia.net/drug-price/atenolol/atzee-50-mg.htm
Atzee (50mg),https://www.medindia.net/drug-price/atenolol/atzee-50mg.htm
Atzee-AM,https://www.medindia.net/drug-price/atenolol/atzee-am.htm
Avino (25 mg),https://www.medindia.net/drug-price/atenolol/avino-25-mg.htm
Avino (50 mg),https://www.medindia.net/drug-price/atenolol/avino-50-mg.htm
Avino -AM,https://www.medindia.net/drug-price/atenolol/avino-am.htm
Axynol (50 mg),https://www.medindia.net/drug-price/atenolol/axynol-50-mg.htm
Axynol -AM,https://www.medindia.net/drug-price/atenolol/axynol-am.htm
B Bloc (50 mg),https://www.medindia.net/drug-price/atenolol/b-bloc-50-mg.htm
Bardateno,https://www.medindia.net/drug-price/atenolol/bardateno.htm
Beta (100 mg),https://www.medindia.net/drug-price/atenolol/beta-100-mg.htm
Beta (100mg),https://www.medindia.net/drug-price/atenolol/beta-100mg.htm
Beta (25 mg),https://www.medindia.net/drug-price/atenolol/beta-25-mg.htm
Beta (25mg),https://www.medindia.net/drug-price/atenolol/beta-25mg.htm
Beta (50 mg),https://www.medindia.net/drug-price/atenolol/beta-50-mg.htm
Beta (50mg),https://www.medindia.net/drug-price/atenolol/beta-50mg.htm
Beta Amlol,https://www.medindia.net/drug-price/atenolol/beta-amlol-themis-medicare.htm
Beta -Amlol,https://www.medindia.net/drug-price/atenolol/beta-amlol-themis-chemicals.htm
Beta -Biduret,https://www.medindia.net/drug-price/atenolol/beta-biduret.htm
Beta -Bloc,https://www.medindia.net/drug-price/atenolol/beta-bloc.htm
Beta -Nicardia,https://www.medindia.net/drug-price/atenolol/beta-nicardia.htm
Beta -Nifedine,https://www.medindia.net/drug-price/atenolol/beta-nifedine.htm
Betacard (100 mg),https://www.medindia.net/drug-price/atenolol/betacard-100-mg.htm
Betacard (25 mg),https://www.medindia.net/drug-price/atenolol/betacard-25-mg.htm
Betacard (50 mg),https://www.medindia.net/drug-price/atenolol/betacard-50-mg.htm
Betacard AM,https://www.medindia.net/drug-price/atenolol/betacard-am.htm
Betacard H,https://www.medindia.net/drug-price/atenolol/betacard-h.htm
Beta-Nicardia (50mg/20mg),https://www.medindia.net/drug-price/atenolol/beta-nicardia-50mg-20mg.htm
Beta-Nicardia (50mg/20mg),https://www.medindia.net/drug-price/atenolol/beta-nicardia-50mg-20mg.htm
Betanif,https://www.medindia.net/drug-price/atenolol/betanif.htm
Beta-Nifedine (50mg/20mg),https://www.medindia.net/drug-price/atenolol/beta-nifedine-50mg-20mg.htm
Beta-Nifedine (50mg/20mg),https://www.medindia.net/drug-price/atenolol/beta-nifedine-50mg-20mg.htm
Betanol (25 mg),https://www.medindia.net/drug-price/atenolol/betanol-25-mg.htm
Betatrop,https://www.medindia.net/drug-price/atenolol/betatrop.htm
Beten (12.5 mg),https://www.medindia.net/drug-price/atenolol/beten-12-5-mg.htm
Beten (25 mg),https://www.medindia.net/drug-price/atenolol/beten-25-mg.htm
Beten (50 mg),https://www.medindia.net/drug-price/atenolol/beten-50-mg.htm
Bibidip,https://www.medindia.net/drug-price/atenolol/bibidip.htm
Biduten (50 mg),https://www.medindia.net/drug-price/atenolol/biduten-50-mg.htm
Biduten (50mg),https://www.medindia.net/drug-price/atenolol/biduten-50mg.htm
Biocard - AT,https://www.medindia.net/drug-price/atenolol/biocard-at.htm
Bita - Nifedine,https://www.medindia.net/drug-price/atenolol/bita-nifedine.htm
BP ACT (25 mg),https://www.medindia.net/drug-price/atenolol/bp-act-25-mg.htm
BP Act (50 mg),https://www.medindia.net/drug-price/atenolol/bp-act-50-mg.htm
BP Cure At,https://www.medindia.net/drug-price/atenolol/bp-cure-at.htm
BP -Loride,https://www.medindia.net/drug-price/atenolol/bp-loride.htm
BP -Mide Plus,https://www.medindia.net/drug-price/atenolol/bp-mide-plus.htm
BP Nol (100 mg),https://www.medindia.net/drug-price/atenolol/bp-nol-100-mg.htm
BP Nol (25 mg),https://www.medindia.net/drug-price/atenolol/bp-nol-25-mg.htm
BP Nol (50 mg),https://www.medindia.net/drug-price/atenolol/bp-nol-50-mg.htm
BP Norm (100 mg),https://www.medindia.net/drug-price/atenolol/bp-norm-100-mg.htm
BP Norm (25 mg),https://www.medindia.net/drug-price/atenolol/bp-norm-25-mg.htm
BP Norm (50 mg),https://www.medindia.net/drug-price/atenolol/bp-norm-50-mg.htm
BP-AT (5mg/50mg),https://www.medindia.net/drug-price/atenolol/bp-at-5mg-50mg.htm
BP-AT (5mg/50mg),https://www.medindia.net/drug-price/atenolol/bp-at-5mg-50mg.htm
BPC -AT,https://www.medindia.net/drug-price/atenolol/bpc-at.htm
BP-Care (50 mg),https://www.medindia.net/drug-price/atenolol/bp-care-50-mg.htm
BP-Gard (50 mg),https://www.medindia.net/drug-price/atenolol/bp-gard-50-mg.htm
C - Card - A,https://www.medindia.net/drug-price/atenolol/c-card-a.htm
C Card (50 mg),https://www.medindia.net/drug-price/atenolol/c-card-50-mg.htm
Cabeta,https://www.medindia.net/drug-price/atenolol/cabeta.htm
Cadpres (100 mg),https://www.medindia.net/drug-price/atenolol/cadpres-100-mg.htm
Cadpres (25 mg),https://www.medindia.net/drug-price/atenolol/cadpres-25-mg.htm
Cadpres (50 mg),https://www.medindia.net/drug-price/atenolol/cadpres-50-mg.htm
Calbeta,https://www.medindia.net/drug-price/atenolol/calbeta.htm
Calock Plus,https://www.medindia.net/drug-price/atenolol/calock-plus.htm
Camcard -AT,https://www.medindia.net/drug-price/atenolol/camcard-at.htm
Card - Ate,https://www.medindia.net/drug-price/atenolol/card-ate-50mg-5mg.htm
Card -AT,https://www.medindia.net/drug-price/atenolol/card-at.htm
Carden (100 mg),https://www.medindia.net/drug-price/atenolol/carden-100-mg.htm
Carden (25 mg),https://www.medindia.net/drug-price/atenolol/carden-25-mg.htm
Carden (25mg),https://www.medindia.net/drug-price/atenolol/carden-25mg.htm
Carden (50 mg),https://www.medindia.net/drug-price/atenolol/carden-50-mg.htm
Carden (50mg),https://www.medindia.net/drug-price/atenolol/carden-50mg.htm
Cardenol (50 mg),https://www.medindia.net/drug-price/atenolol/cardenol-50-mg.htm
Cardiam AT,https://www.medindia.net/drug-price/atenolol/cardiam-at.htm
Cardica (50 mg),https://www.medindia.net/drug-price/atenolol/cardica-50-mg.htm
Cardif Beta (10mg),https://www.medindia.net/drug-price/atenolol/cardif-beta-10mg.htm
Cardiking-AT (5mg/50mg),https://www.medindia.net/drug-price/atenolol/cardiking-at-5mg-50mg.htm
Cardiking-AT (5mg/50mg),https://www.medindia.net/drug-price/atenolol/cardiking-at-5mg-50mg.htm
Cardimec AT,https://www.medindia.net/drug-price/atenolol/cardimec-at.htm
Cardiotab AT,https://www.medindia.net/drug-price/atenolol/cardiotab-at-50mg-5mg.htm
Cardipin - AT,https://www.medindia.net/drug-price/atenolol/cardipin-at.htm
Cardipress AT,https://www.medindia.net/drug-price/atenolol/cardipress-at.htm
Cardpin -AT,https://www.medindia.net/drug-price/atenolol/cardpin-at.htm
Cardules Plus (10mg),https://www.medindia.net/drug-price/atenolol/cardules-plus-10mg.htm
Cardules Plus (20mg),https://www.medindia.net/drug-price/atenolol/cardules-plus-20mg.htm
Cardules Plus (50mg/10mg),https://www.medindia.net/drug-price/atenolol/cardules-plus-50mg-10mg.htm
Cardules Plus (50mg/10mg),https://www.medindia.net/drug-price/atenolol/cardules-plus-50mg-10mg.htm
Cardules Plus (50mg/20mg),https://www.medindia.net/drug-price/atenolol/cardules-plus-50mg-20mg.htm
Cardules Plus (50mg/20mg),https://www.medindia.net/drug-price/atenolol/cardules-plus-50mg-20mg.htm
Carvasc A,https://www.medindia.net/drug-price/atenolol/carvasc-a.htm
Catenol (100 mg),https://www.medindia.net/drug-price/atenolol/catenol-100-mg.htm
Catenol (100mg),https://www.medindia.net/drug-price/atenolol/catenol-100mg.htm
Catenol (25 mg),https://www.medindia.net/drug-price/atenolol/catenol-25-mg.htm
Catenol (25mg),https://www.medindia.net/drug-price/atenolol/catenol-25mg.htm
Catenol (50 mg),https://www.medindia.net/drug-price/atenolol/catenol-50-mg.htm
Catenol (50mg),https://www.medindia.net/drug-price/atenolol/catenol-50mg.htm
Celbeta,https://www.medindia.net/drug-price/atenolol/celbeta.htm
Cemalo -AT,https://www.medindia.net/drug-price/atenolol/cemalo-at.htm
Check -AT,https://www.medindia.net/drug-price/atenolol/check-at.htm
Cheerten AT,https://www.medindia.net/drug-price/atenolol/cheerten-at.htm
Cheerten H,https://www.medindia.net/drug-price/atenolol/cheerten-h.htm
Cinamat,https://www.medindia.net/drug-price/atenolol/cinamat.htm
Coronol - AM,https://www.medindia.net/drug-price/atenolol/coronol-am.htm
Coronol (25 mg),https://www.medindia.net/drug-price/atenolol/coronol-25-mg.htm
Coronol (50 mg),https://www.medindia.net/drug-price/atenolol/coronol-50-mg.htm
Corvadil -A,https://www.medindia.net/drug-price/atenolol/corvadil-a.htm
Coslo,https://www.medindia.net/drug-price/atenolol/coslo.htm
Cyplol (100 mg),https://www.medindia.net/drug-price/atenolol/cyplol-100-mg.htm
Defidin -A,https://www.medindia.net/drug-price/atenolol/defidin-a.htm
Deptaen,https://www.medindia.net/drug-price/atenolol/deptaen.htm
Depten (20mg),https://www.medindia.net/drug-price/atenolol/depten-20mg.htm
Depten (50mg/20mg),https://www.medindia.net/drug-price/atenolol/depten-50mg-20mg.htm
Depten (50mg/20mg),https://www.medindia.net/drug-price/atenolol/depten-50mg-20mg.htm
Dibeta,https://www.medindia.net/drug-price/atenolol/dibeta.htm
Dilcare (25 mg),https://www.medindia.net/drug-price/atenolol/dilcare-25-mg.htm
Dilcare (50 mg),https://www.medindia.net/drug-price/atenolol/dilcare-50-mg.htm
Dipin -At,https://www.medindia.net/drug-price/atenolol/dipin-at.htm
Dipress Plus,https://www.medindia.net/drug-price/atenolol/dipress-plus.htm
Elso 5 AT,https://www.medindia.net/drug-price/atenolol/elso-5-at.htm
Elso AT,https://www.medindia.net/drug-price/atenolol/elso-at.htm
Emadine -AT,https://www.medindia.net/drug-price/atenolol/emadine-at.htm
Emadine-AT (5mg/50mg),https://www.medindia.net/drug-price/atenolol/emadine-at-5mg-50mg.htm
Emadine-AT (5mg/50mg),https://www.medindia.net/drug-price/atenolol/emadine-at-5mg-50mg.htm
Emadine-AT (5mg/50mg),https://www.medindia.net/drug-price/atenolol/emadine-at-5mg-50mg.htm
Enlo,https://www.medindia.net/drug-price/atenolol/enlo.htm
Enol (5 mg) (Elegant Drugs),https://www.medindia.net/drug-price/atenolol/enol-5-mg-elegant-drugs.htm
Enol (50 mg),https://www.medindia.net/drug-price/atenolol/enol-50-mg.htm
Esam AT,https://www.medindia.net/drug-price/atenolol/esam-at.htm
Esdil AT,https://www.medindia.net/drug-price/atenolol/esdil-at.htm
Eslo AT,https://www.medindia.net/drug-price/atenolol/eslo-at.htm
Eslo AT (5 mg),https://www.medindia.net/drug-price/atenolol/eslo-at-5-mg.htm
ESLO-AT (2.5mg/50mg),https://www.medindia.net/drug-price/atenolol/eslo-at-2-5mg-50mg.htm
ESLO-AT (5mg/50mg),https://www.medindia.net/drug-price/atenolol/eslo-at-5mg-50mg.htm
Espil -AT,https://www.medindia.net/drug-price/atenolol/espil-at.htm
Espin -At,https://www.medindia.net/drug-price/atenolol/espin-at.htm
Etotan-AT,https://www.medindia.net/drug-price/atenolol/etotan-at.htm
Exlodep - AT,https://www.medindia.net/drug-price/atenolol/exlodep-at.htm
Fram AT,https://www.medindia.net/drug-price/atenolol/fram-at.htm
G Ten (100 mg),https://www.medindia.net/drug-price/atenolol/g-ten-100-mg.htm
G Ten (25 mg),https://www.medindia.net/drug-price/atenolol/g-ten-25-mg.htm
G Ten (50 mg),https://www.medindia.net/drug-price/atenolol/g-ten-50-mg.htm
Gamlo -AT,https://www.medindia.net/drug-price/atenolol/gamlo-at.htm
Gemlo -AT,https://www.medindia.net/drug-price/atenolol/gemlo-at.htm
Gericard,https://www.medindia.net/drug-price/atenolol/gericard.htm
Glipin -AT,https://www.medindia.net/drug-price/atenolol/glipin-at.htm
Harten (25 mg),https://www.medindia.net/drug-price/atenolol/harten-25-mg.htm
Harten (50 mg),https://www.medindia.net/drug-price/atenolol/harten-50-mg.htm
Hibesor (25 mg),https://www.medindia.net/drug-price/atenolol/hibesor-25-mg.htm
Hibesor (25mg),https://www.medindia.net/drug-price/atenolol/hibesor-25mg.htm
Hibesor (50 mg),https://www.medindia.net/drug-price/atenolol/hibesor-50-mg.htm
Hibesor (50mg),https://www.medindia.net/drug-price/atenolol/hibesor-50mg.htm
Hipres (100 mg),https://www.medindia.net/drug-price/atenolol/hipres-100-mg.htm
Hipres (25 mg),https://www.medindia.net/drug-price/atenolol/hipres-25-mg.htm
Hipres (50 mg),https://www.medindia.net/drug-price/atenolol/hipres-50-mg.htm
Hipres -D,https://www.medindia.net/drug-price/atenolol/hipres-d.htm
Hynorm (50 mg),https://www.medindia.net/drug-price/atenolol/hynorm-50-mg.htm
Hypernorm,https://www.medindia.net/drug-price/atenolol/hypernorm.htm
Hyten (100 mg),https://www.medindia.net/drug-price/atenolol/hyten-100-mg.htm
Hyten (100 mg) (Pasteur),https://www.medindia.net/drug-price/atenolol/hyten-100-mg-pasteur.htm
Hyten (25 mg),https://www.medindia.net/drug-price/atenolol/hyten-25-mg.htm
Hyten (50 mg),https://www.medindia.net/drug-price/atenolol/hyten-50-mg.htm
Hyten (50 mg) (Pasteur),https://www.medindia.net/drug-price/atenolol/hyten-50-mg-pasteur.htm
Inat,https://www.medindia.net/drug-price/atenolol/inat.htm
Intalol (100 mg),https://www.medindia.net/drug-price/atenolol/intalol-100-mg.htm
Intalol (25 mg),https://www.medindia.net/drug-price/atenolol/intalol-25-mg.htm
Intalol (50 mg),https://www.medindia.net/drug-price/atenolol/intalol-50-mg.htm
Invasc -AT,https://www.medindia.net/drug-price/atenolol/invasc-at.htm
Joglit,https://www.medindia.net/drug-price/atenolol/joglit.htm
Lakten (50 mg),https://www.medindia.net/drug-price/atenolol/lakten-50-mg.htm
Latenol (25 mg),https://www.medindia.net/drug-price/atenolol/latenol-25-mg.htm
Latenol (50 mg),https://www.medindia.net/drug-price/atenolol/latenol-50-mg.htm
Licopin -BP,https://www.medindia.net/drug-price/atenolol/licopin-bp.htm
Lodip,https://www.medindia.net/drug-price/atenolol/lodip.htm
Lodol,https://www.medindia.net/drug-price/atenolol/lodol.htm
Lonet (25 mg),https://www.medindia.net/drug-price/atenolol/lonet-25-mg.htm
Lonet (50 mg),https://www.medindia.net/drug-price/atenolol/lonet-50-mg.htm
Lonol (100 mg),https://www.medindia.net/drug-price/atenolol/lonol-100-mg.htm
Lonol (25 mg),https://www.medindia.net/drug-price/atenolol/lonol-25-mg.htm
Lonol (50 mg),https://www.medindia.net/drug-price/atenolol/lonol-50-mg.htm
Losar Beta,https://www.medindia.net/drug-price/atenolol/losar-beta.htm
Losar- Beta (50mg/50mg),https://www.medindia.net/drug-price/atenolol/losar-beta-50mg-50mg.htm
Losar Beta H (50 mg),https://www.medindia.net/drug-price/atenolol/losar-beta-h-50-mg.htm
Losar -Beta -H (50mg/50mg/12.5mg),https://www.medindia.net/drug-price/atenolol/losar-beta-h-50mg-50mg-12-5mg.htm
Loscard - AT (50mg/50mg),https://www.medindia.net/drug-price/atenolol/loscard-at-50mg-50mg.htm
Loser -Beta-H,https://www.medindia.net/drug-price/atenolol/loser-beta-h.htm
Loten,https://www.medindia.net/drug-price/atenolol/loten.htm
Lotensyl -AT,https://www.medindia.net/drug-price/atenolol/lotensyl-at.htm
M L O - A T,https://www.medindia.net/drug-price/atenolol/m-l-o-a-t.htm
Maat,https://www.medindia.net/drug-price/atenolol/maat.htm
Malodip (5mg/50mg),https://www.medindia.net/drug-price/atenolol/malodip-5mg-50mg.htm
Malodip (5mg/50mg),https://www.medindia.net/drug-price/atenolol/malodip-5mg-50mg.htm
Malodip AT,https://www.medindia.net/drug-price/atenolol/malodip-at.htm
Malodip-AT (5mg/50mg),https://www.medindia.net/drug-price/atenolol/malodip-at-5mg-50mg.htm
Melol,https://www.medindia.net/drug-price/atenolol/melol.htm
Myamlo -AT,https://www.medindia.net/drug-price/atenolol/myamlo-at.htm
Myo -24,https://www.medindia.net/drug-price/atenolol/myo-24.htm
Myodura-Max (2.5mg/50mg),https://www.medindia.net/drug-price/atenolol/myodura-max-2-5mg-50mg.htm
Myodura-Max (5mg/50mg),https://www.medindia.net/drug-price/atenolol/myodura-max-5mg-50mg.htm
Nalotol (100 mg),https://www.medindia.net/drug-price/atenolol/nalotol-100-mg.htm
Nalotol (50 mg),https://www.medindia.net/drug-price/atenolol/nalotol-50-mg.htm
Neocard -ATN,https://www.medindia.net/drug-price/atenolol/neocard-atn.htm
Nifetex T R,https://www.medindia.net/drug-price/atenolol/nifetex-t-r.htm
Nifetolol,https://www.medindia.net/drug-price/atenolol/nifetolol.htm
Niftene,https://www.medindia.net/drug-price/atenolol/niftene.htm
Nilol,https://www.medindia.net/drug-price/atenolol/nilol.htm
Nilol H D,https://www.medindia.net/drug-price/atenolol/nilol-h-d.htm
Nipidol -AT,https://www.medindia.net/drug-price/atenolol/nipidol-at.htm
Noldepin,https://www.medindia.net/drug-price/atenolol/noldepin.htm
Nolotin (25 mg),https://www.medindia.net/drug-price/atenolol/nolotin-25-mg.htm
Nolotin (50 mg),https://www.medindia.net/drug-price/atenolol/nolotin-50-mg.htm
Novadep -AT,https://www.medindia.net/drug-price/atenolol/novadep-at.htm
Novaten (100 mg),https://www.medindia.net/drug-price/atenolol/novaten-100-mg.htm
Novaten (50 mg),https://www.medindia.net/drug-price/atenolol/novaten-50-mg.htm
Novaten -AM,https://www.medindia.net/drug-price/atenolol/novaten-am.htm
Numlo -AT,https://www.medindia.net/drug-price/atenolol/numlo-at.htm
Numlo -AT 25,https://www.medindia.net/drug-price/atenolol/numlo-at-25.htm
Numlo-AT (2.5mg/50mg),https://www.medindia.net/drug-price/atenolol/numlo-at-2-5mg-50mg.htm
Numlo-AT (2.5mg/50mg),https://www.medindia.net/drug-price/atenolol/numlo-at-2-5mg-50mg.htm
Numlo-AT (2.5mg/50mg),https://www.medindia.net/drug-price/atenolol/numlo-at-2-5mg-50mg.htm
Numlo-AT 25 (5mg/25mg),https://www.medindia.net/drug-price/atenolol/numlo-at-25-5mg-25mg.htm
Numlo-AT 25 (5mg/25mg),https://www.medindia.net/drug-price/atenolol/numlo-at-25-5mg-25mg.htm
Numlo-AT 25 (5mg/25mg),https://www.medindia.net/drug-price/atenolol/numlo-at-25-5mg-25mg.htm
Nusar - ATN (50mg/50mg),https://www.medindia.net/drug-price/atenolol/nusar-atn-50mg-50mg.htm
Nusar ATN,https://www.medindia.net/drug-price/atenolol/nusar-atn.htm
O Beta (100 mg),https://www.medindia.net/drug-price/atenolol/o-beta-100-mg.htm
O Beta (25 mg),https://www.medindia.net/drug-price/atenolol/o-beta-25-mg.htm
O Beta (50 mg),https://www.medindia.net/drug-price/atenolol/o-beta-50-mg.htm
Obeta (100 mg),https://www.medindia.net/drug-price/atenolol/obeta-100-mg.htm
Obeta (25 mg),https://www.medindia.net/drug-price/atenolol/obeta-25-mg.htm
Obeta (50 mg),https://www.medindia.net/drug-price/atenolol/obeta-50-mg.htm
Odinol (25 mg),https://www.medindia.net/drug-price/atenolol/odinol-25-mg.htm
Odinol (50 mg),https://www.medindia.net/drug-price/atenolol/odinol-50-mg.htm
Odinol -AM,https://www.medindia.net/drug-price/atenolol/odinol-am.htm
Odip AT,https://www.medindia.net/drug-price/atenolol/odip-at.htm
Odipin -AT,https://www.medindia.net/drug-price/atenolol/odipin-at.htm
Olate (25 mg),https://www.medindia.net/drug-price/atenolol/olate-25-mg.htm
Olate (50 mg),https://www.medindia.net/drug-price/atenolol/olate-50-mg.htm
Olate -A,https://www.medindia.net/drug-price/atenolol/olate-a.htm
Olpine -AT,https://www.medindia.net/drug-price/atenolol/olpine-at.htm
Opime -AT,https://www.medindia.net/drug-price/atenolol/opime-at.htm
Ortibid (100 mg),https://www.medindia.net/drug-price/atenolol/ortibid-100-mg.htm
Ortibid (50 mg),https://www.medindia.net/drug-price/atenolol/ortibid-50-mg.htm
Otenol (50 mg),https://www.medindia.net/drug-price/atenolol/otenol-50-mg.htm
Otenol A M,https://www.medindia.net/drug-price/atenolol/otenol-a-m.htm
Ozoten (25 mg),https://www.medindia.net/drug-price/atenolol/ozoten-25-mg.htm
Pdnol (25 mg),https://www.medindia.net/drug-price/atenolol/pdnol-25-mg.htm
Pdnol (50 mg),https://www.medindia.net/drug-price/atenolol/pdnol-50-mg.htm
Pdnol -AM,https://www.medindia.net/drug-price/atenolol/pdnol-am.htm
Pericard -AT,https://www.medindia.net/drug-price/atenolol/pericard-at.htm
Pertenol (100 mg),https://www.medindia.net/drug-price/atenolol/pertenol-100-mg.htm
Pertenol (25 mg),https://www.medindia.net/drug-price/atenolol/pertenol-25-mg.htm
Pertenol (50 mg),https://www.medindia.net/drug-price/atenolol/pertenol-50-mg.htm
Prelo AT,https://www.medindia.net/drug-price/atenolol/prelo-at.htm
Presolar,https://www.medindia.net/drug-price/atenolol/presolar.htm
Presten (25 mg),https://www.medindia.net/drug-price/atenolol/presten-25-mg.htm
Presten (25mg),https://www.medindia.net/drug-price/atenolol/presten-25mg.htm
Presten (50 mg),https://www.medindia.net/drug-price/atenolol/presten-50-mg.htm
Presten (50mg),https://www.medindia.net/drug-price/atenolol/presten-50mg.htm
Primodil -AT,https://www.medindia.net/drug-price/atenolol/primodil-at.htm
Quinoten (25 mg),https://www.medindia.net/drug-price/atenolol/quinoten-25-mg.htm
Quinoten (50 mg),https://www.medindia.net/drug-price/atenolol/quinoten-50-mg.htm
Rabip -20,https://www.medindia.net/drug-price/atenolol/rabip-20.htm
Ramlo AT,https://www.medindia.net/drug-price/atenolol/ramlo-at.htm
Repalol,https://www.medindia.net/drug-price/atenolol/repalol.htm
Repalol H,https://www.medindia.net/drug-price/atenolol/repalol-h.htm
S -Amlosafe AT (2.5 mg),https://www.medindia.net/drug-price/atenolol/s-amlosafe-at-2-5-mg.htm
S -Amlosafe AT (5 mg),https://www.medindia.net/drug-price/atenolol/s-amlosafe-at-5-mg.htm
Saiten -AT,https://www.medindia.net/drug-price/atenolol/saiten-at.htm
Samstar -AT,https://www.medindia.net/drug-price/atenolol/samstar-at.htm
Semi Beta Nicardia,https://www.medindia.net/drug-price/atenolol/semi-beta-nicardia.htm
Stamlo Beta,https://www.medindia.net/drug-price/atenolol/stamlo-beta.htm
Stamlo Beta (5mg/50mg),https://www.medindia.net/drug-price/atenolol/stamlo-beta-5mg-50mg.htm
Stamlo Beta (5mg/50mg),https://www.medindia.net/drug-price/atenolol/stamlo-beta-5mg-50mg.htm
Stamlo Beta (5mg/50mg),https://www.medindia.net/drug-price/atenolol/stamlo-beta-5mg-50mg.htm
Stamlo Beta (5mg/50mg),https://www.medindia.net/drug-price/atenolol/stamlo-beta-5mg-50mg.htm
Stamlo Beta (5mg/50mg),https://www.medindia.net/drug-price/atenolol/stamlo-beta-5mg-50mg.htm
Stamlo Beta (5mg/50mg),https://www.medindia.net/drug-price/atenolol/stamlo-beta-5mg-50mg.htm
Stamlo Beta-M,https://www.medindia.net/drug-price/atenolol/stamlo-beta-m.htm
Stamlo Beta-M (5mg/25mg),https://www.medindia.net/drug-price/atenolol/stamlo-beta-m-5mg-25mg.htm
Stamlo Beta-M (5mg/25mg),https://www.medindia.net/drug-price/atenolol/stamlo-beta-m-5mg-25mg.htm
Stamlo Beta-M (5mg/25mg),https://www.medindia.net/drug-price/atenolol/stamlo-beta-m-5mg-25mg.htm
Starpill (10mg/50mg/50mg/75mg),https://www.medindia.net/drug-price/atenolol/starpill-10mg-50mg-50mg-75mg.htm
Stressban-A (5mg/5mg),https://www.medindia.net/drug-price/atenolol/stressban-a-5mg-5mg.htm
Stressban-A (5mg/5mg),https://www.medindia.net/drug-price/atenolol/stressban-a-5mg-5mg.htm
Stressban-A (5mg/5mg),https://www.medindia.net/drug-price/atenolol/stressban-a-5mg-5mg.htm
Systonorm (50 mg),https://www.medindia.net/drug-price/atenolol/systonorm-50-mg.htm
Systonorm -AT,https://www.medindia.net/drug-price/atenolol/systonorm-at.htm
Systonorm -NF,https://www.medindia.net/drug-price/atenolol/systonorm-nf.htm
Syten (50 mg),https://www.medindia.net/drug-price/atenolol/syten-50-mg.htm
Tecard (25 mg),https://www.medindia.net/drug-price/atenolol/tecard-25-mg.htm
Tecard (50 mg),https://www.medindia.net/drug-price/atenolol/tecard-50-mg.htm
Tecard A,https://www.medindia.net/drug-price/atenolol/tecard-a.htm
Teenol (100 mg),https://www.medindia.net/drug-price/atenolol/teenol-100-mg.htm
Teenol (50 mg),https://www.medindia.net/drug-price/atenolol/teenol-50-mg.htm
Tefifin (25 mg),https://www.medindia.net/drug-price/atenolol/tefifin-25-mg.htm
Tefifin (50 mg),https://www.medindia.net/drug-price/atenolol/tefifin-50-mg.htm
Telol (100 mg),https://www.medindia.net/drug-price/atenolol/telol-100-mg.htm
Telol (50 mg),https://www.medindia.net/drug-price/atenolol/telol-50-mg.htm
Temin (25 mg),https://www.medindia.net/drug-price/atenolol/temin-25-mg.htm
Temin (50 mg),https://www.medindia.net/drug-price/atenolol/temin-50-mg.htm
Ten (50 mg),https://www.medindia.net/drug-price/atenolol/ten-50-mg.htm
Tenase (100 mg),https://www.medindia.net/drug-price/atenolol/tenase-100-mg.htm
Tenase (50 mg),https://www.medindia.net/drug-price/atenolol/tenase-50-mg.htm
Tenil AT,https://www.medindia.net/drug-price/atenolol/tenil-at.htm
Tenlol (12.5 mg),https://www.medindia.net/drug-price/atenolol/tenlol-12-5-mg.htm
Teno (100 mg),https://www.medindia.net/drug-price/atenolol/teno-100-mg.htm
Teno (25 mg),https://www.medindia.net/drug-price/atenolol/teno-25-mg.htm
Teno (50 mg),https://www.medindia.net/drug-price/atenolol/teno-50-mg.htm
Teno (50 mg) (Sivling),https://www.medindia.net/drug-price/atenolol/teno-50-mg-sivling.htm
Tenocab,https://www.medindia.net/drug-price/atenolol/tenocab.htm
Tenocab (50+5 mg),https://www.medindia.net/drug-price/atenolol/tenocab-50-5-mg.htm
Tenocab (5mg/25mg),https://www.medindia.net/drug-price/atenolol/tenocab-5mg-25mg.htm
Tenocab (5mg/25mg),https://www.medindia.net/drug-price/atenolol/tenocab-5mg-25mg.htm
Tenocab (5mg/25mg),https://www.medindia.net/drug-price/atenolol/tenocab-5mg-25mg.htm
Tenocab (5mg/50mg),https://www.medindia.net/drug-price/atenolol/tenocab-5mg-50mg.htm
Tenocab (5mg/50mg),https://www.medindia.net/drug-price/atenolol/tenocab-5mg-50mg.htm
Tenocab (5mg/50mg),https://www.medindia.net/drug-price/atenolol/tenocab-5mg-50mg.htm
Tenocard,https://www.medindia.net/drug-price/atenolol/tenocard.htm
Tenocheck,https://www.medindia.net/drug-price/atenolol/tenocheck.htm
Tenocheck (25mg),https://www.medindia.net/drug-price/atenolol/tenocheck-25mg.htm
Tenocheck (5mg/50mg),https://www.medindia.net/drug-price/atenolol/tenocheck-5mg-50mg.htm
Tenochek (25 mg),https://www.medindia.net/drug-price/atenolol/tenochek-25-mg.htm
Tenochek (50mg),https://www.medindia.net/drug-price/atenolol/tenochek-50mg.htm
Tenochek (5mg/50mg),https://www.medindia.net/drug-price/atenolol/tenochek-5mg-50mg.htm
Tenoclor,https://www.medindia.net/drug-price/atenolol/tenoclor.htm
Tenoclor (100+25 mg),https://www.medindia.net/drug-price/atenolol/tenoclor-100-25-mg.htm
Tenoclor (100mg/25mg),https://www.medindia.net/drug-price/atenolol/tenoclor-100mg-25mg.htm
Tenoclor (25mg/12.5mg),https://www.medindia.net/drug-price/atenolol/tenoclor-25mg-12-5mg.htm
Tenoclor (50+12.5 mg),https://www.medindia.net/drug-price/atenolol/tenoclor-50-12-5-mg.htm
Tenoclor (50mg/12.5mg),https://www.medindia.net/drug-price/atenolol/tenoclor-50mg-12-5mg.htm
Tenodipin,https://www.medindia.net/drug-price/atenolol/tenodipin.htm
Tenodipin (5+25),https://www.medindia.net/drug-price/atenolol/tenodipin-5-25.htm
Tenodipin (5mg/25mg),https://www.medindia.net/drug-price/atenolol/tenodipin-5mg-25mg.htm
Tenodipin (5mg/25mg),https://www.medindia.net/drug-price/atenolol/tenodipin-5mg-25mg.htm
Tenodipin (5mg/25mg),https://www.medindia.net/drug-price/atenolol/tenodipin-5mg-25mg.htm
Tenodipin (5mg/50mg),https://www.medindia.net/drug-price/atenolol/tenodipin-5mg-50mg.htm
Tenodipin (5mg/50mg),https://www.medindia.net/drug-price/atenolol/tenodipin-5mg-50mg.htm
Tenodipin (5mg/50mg),https://www.medindia.net/drug-price/atenolol/tenodipin-5mg-50mg.htm
Tenofed,https://www.medindia.net/drug-price/atenolol/tenofed.htm
Tenofed (50mg/20mg),https://www.medindia.net/drug-price/atenolol/tenofed-50mg-20mg.htm
Tenofed (50mg/20mg),https://www.medindia.net/drug-price/atenolol/tenofed-50mg-20mg.htm
Tenolol (100 mg),https://www.medindia.net/drug-price/atenolol/tenolol-100-mg.htm
Tenolol (100mg),https://www.medindia.net/drug-price/atenolol/tenolol-100mg.htm
Tenolol (12.5 mg),https://www.medindia.net/drug-price/atenolol/tenolol-12-5-mg.htm
Tenolol (12.5mg),https://www.medindia.net/drug-price/atenolol/tenolol-12-5mg.htm
Tenolol (25 mg),https://www.medindia.net/drug-price/atenolol/tenolol-25-mg.htm
Tenolol (25mg),https://www.medindia.net/drug-price/atenolol/tenolol-25mg.htm
Tenolol (50 mg),https://www.medindia.net/drug-price/atenolol/tenolol-50-mg.htm
Tenolol (50mg),https://www.medindia.net/drug-price/atenolol/tenolol-50mg.htm
Tenolol (5mg/ml),https://www.medindia.net/drug-price/atenolol/tenolol-5mg-ml.htm
Tenolol -AM,https://www.medindia.net/drug-price/atenolol/tenolol-am.htm
Tenolol -AM-50,https://www.medindia.net/drug-price/atenolol/tenolol-am-50.htm
Tenolol -D (25mg),https://www.medindia.net/drug-price/atenolol/tenolol-d-25mg.htm
Tenolol D (50 mg),https://www.medindia.net/drug-price/atenolol/tenolol-d-50-mg.htm
Tenolol Inj (50 mg),https://www.medindia.net/drug-price/atenolol/tenolol-inj-50-mg.htm
Tenolol-AM (2.5mg/25mg),https://www.medindia.net/drug-price/atenolol/tenolol-am-2-5mg-25mg.htm
Tenolol-AM (2.5mg/25mg),https://www.medindia.net/drug-price/atenolol/tenolol-am-2-5mg-25mg.htm
Tenolol-AM (2.5mg/25mg),https://www.medindia.net/drug-price/atenolol/tenolol-am-2-5mg-25mg.htm
Tenolol-AM (5mg/50mg),https://www.medindia.net/drug-price/atenolol/tenolol-am-5mg-50mg.htm
Tenolol-AM (5mg/50mg),https://www.medindia.net/drug-price/atenolol/tenolol-am-5mg-50mg.htm
Tenolol-AM (5mg/50mg),https://www.medindia.net/drug-price/atenolol/tenolol-am-5mg-50mg.htm
Tenomac (100 mg),https://www.medindia.net/drug-price/atenolol/tenomac-100-mg.htm
Tenomac (100mg),https://www.medindia.net/drug-price/atenolol/tenomac-100mg.htm
Tenomac (12.5 mg),https://www.medindia.net/drug-price/atenolol/tenomac-12-5-mg.htm
Tenomac (12.5mg),https://www.medindia.net/drug-price/atenolol/tenomac-12-5mg.htm
Tenomac (25 mg),https://www.medindia.net/drug-price/atenolol/tenomac-25-mg.htm
Tenomac (25mg),https://www.medindia.net/drug-price/atenolol/tenomac-25mg.htm
Tenomac (50 mg),https://www.medindia.net/drug-price/atenolol/tenomac-50-mg.htm
Tenomac (50mg),https://www.medindia.net/drug-price/atenolol/tenomac-50mg.htm
Tenopress (25 mg),https://www.medindia.net/drug-price/atenolol/tenopress-25-mg.htm
Tenopress (50 mg),https://www.medindia.net/drug-price/atenolol/tenopress-50-mg.htm
Tenopress AM,https://www.medindia.net/drug-price/atenolol/tenopress-am.htm
Tenorex (100 mg),https://www.medindia.net/drug-price/atenolol/tenorex-100-mg.htm
Tenorex (25 mg),https://www.medindia.net/drug-price/atenolol/tenorex-25-mg.htm
Tenorex (50 mg),https://www.medindia.net/drug-price/atenolol/tenorex-50-mg.htm
Tenorex Plus,https://www.medindia.net/drug-price/atenolol/tenorex-plus.htm
Tenorex Plus (5mg/50mg),https://www.medindia.net/drug-price/atenolol/tenorex-plus-5mg-50mg.htm
Tenorex Plus (5mg/50mg),https://www.medindia.net/drug-price/atenolol/tenorex-plus-5mg-50mg.htm
Tenoric,https://www.medindia.net/drug-price/atenolol/tenoric.htm
Tenoric (100mg/25mg),https://www.medindia.net/drug-price/atenolol/tenoric-100mg-25mg.htm
Tenoric (25mg/12.5mg),https://www.medindia.net/drug-price/atenolol/tenoric-25mg-12-5mg.htm
Tenoric (50mg/12.5mg),https://www.medindia.net/drug-price/atenolol/tenoric-50mg-12-5mg.htm
Tenoric -25,https://www.medindia.net/drug-price/atenolol/tenoric-25.htm
Tenoric -50,https://www.medindia.net/drug-price/atenolol/tenoric-50.htm
Tenormin (100 mg),https://www.medindia.net/drug-price/atenolol/tenormin-100-mg.htm
Tenormin (25 mg),https://www.medindia.net/drug-price/atenolol/tenormin-25-mg.htm
Tenormin (50 mg),https://www.medindia.net/drug-price/atenolol/tenormin-50-mg.htm
Tensicard (100 mg),https://www.medindia.net/drug-price/atenolol/tensicard-100-mg.htm
Tensicard (25 mg),https://www.medindia.net/drug-price/atenolol/tensicard-25-mg.htm
Tensicard (50 mg),https://www.medindia.net/drug-price/atenolol/tensicard-50-mg.htm
Tensicard -AM,https://www.medindia.net/drug-price/atenolol/tensicard-am.htm
Tensigard (100 mg),https://www.medindia.net/drug-price/atenolol/tensigard-100-mg.htm
Tensigard (25 mg),https://www.medindia.net/drug-price/atenolol/tensigard-25-mg.htm
Tensigard (50 mg),https://www.medindia.net/drug-price/atenolol/tensigard-50-mg.htm
Tensigard AM,https://www.medindia.net/drug-price/atenolol/tensigard-am.htm
Tensimin (100 mg),https://www.medindia.net/drug-price/atenolol/tensimin-100-mg.htm
Tensimin (25 mg),https://www.medindia.net/drug-price/atenolol/tensimin-25-mg.htm
Tensimin (50 mg),https://www.medindia.net/drug-price/atenolol/tensimin-50-mg.htm
Tentoric,https://www.medindia.net/drug-price/atenolol/tentoric.htm
Teny (25 mg),https://www.medindia.net/drug-price/atenolol/teny-25-mg.htm
Teny (50 mg),https://www.medindia.net/drug-price/atenolol/teny-50-mg.htm
Tinormin (100 mg),https://www.medindia.net/drug-price/atenolol/tinormin-100-mg.htm
Tinormin (25 mg),https://www.medindia.net/drug-price/atenolol/tinormin-25-mg.htm
Tinormin (50 mg),https://www.medindia.net/drug-price/atenolol/tinormin-50-mg.htm
Topdip AT,https://www.medindia.net/drug-price/atenolol/topdip-at.htm
Tozaar -ATH,https://www.medindia.net/drug-price/atenolol/tozaar-ath.htm
UDP -AT,https://www.medindia.net/drug-price/atenolol/udp-at.htm
UTL (25 mg),https://www.medindia.net/drug-price/atenolol/utl-25-mg.htm
UTL (50 mg),https://www.medindia.net/drug-price/atenolol/utl-50-mg.htm
Vascodil AT,https://www.medindia.net/drug-price/atenolol/vascodil-at.htm
Windep-AT,https://www.medindia.net/drug-price/atenolol/windep-at.htm
Winten (25 mg),https://www.medindia.net/drug-price/atenolol/winten-25-mg.htm
Winten (50 mg),https://www.medindia.net/drug-price/atenolol/winten-50-mg.htm
Zemlo -A,https://www.medindia.net/drug-price/atenolol/zemlo-a.htm
Ziblok (12.5 mg),https://www.medindia.net/drug-price/atenolol/ziblok-12-5-mg.htm
Ziblok (12.5mg),https://www.medindia.net/drug-price/atenolol/ziblok-12-5mg.htm
Ziblok (25 mg),https://www.medindia.net/drug-price/atenolol/ziblok-25-mg.htm
Ziblok (25mg),https://www.medindia.net/drug-price/atenolol/ziblok-25mg.htm
Ziblok (50 mg),https://www.medindia.net/drug-price/atenolol/ziblok-50-mg.htm
Ziblok (50mg),https://www.medindia.net/drug-price/atenolol/ziblok-50mg.htm
Ziblok-H,https://www.medindia.net/drug-price/atenolol/ziblok-h.htm
Ziblok-H (25mg/12.5mg),https://www.medindia.net/drug-price/atenolol/ziblok-h-25mg-12-5mg.htm
Ziblok-H (50 mg),https://www.medindia.net/drug-price/atenolol/ziblok-h-50-mg.htm
Ziblok-H (50mg/12.5mg),https://www.medindia.net/drug-price/atenolol/ziblok-h-50mg-12-5mg.htm
Zodipin Plus,https://www.medindia.net/drug-price/atenolol/zodipin-plus.htm
